Txhash,Blockno,UnixTimestamp,DateTime,From,To,ContractAddress,Value_IN(BNB),Value_OUT(BNB),CurrentValue @ $346.16/BNB,TxnFee(BNB),TxnFee(USD),Historical $Price/BNB,Status,ErrCode,Method
0x39762a19fa89ebd5aee7f4a3e802c9446077ce3ba169bf5f45b4f74f2e4b759b,14283177,1641937601,1/11/2022 21:46,0x3e622a7b1d22fb9079e1d9133515bfed8b93f107,0xb9b09264779733b8657b9b86970e3db74561c237,,0,0,0,0.00022177,0.076767903,463.38,,,Approve
0x32286aa32a5803d767adce91739621aae99efb32b5f8a30b25485876ec76dd37,14283181,1641937613,1/11/2022 21:46,0xa395a37cc73ce936cd1c84d7ad31c699bfd59475,0xb9b09264779733b8657b9b86970e3db74561c237,,0,0,0,0.00022177,0.076767903,463.38,,,Approve
0x45df3c8b6fdcece876b82224edd37b9021e12db189f6cd40f7987130a244c6e9,14283313,1641938009,1/11/2022 21:53,0x2a479056fac97b62806cc740b11774e6598b1649,0xb9b09264779733b8657b9b86970e3db74561c237,,0,0,0,0.00022177,0.076767903,463.38,,,Approve
0x320a9d23c41149c82dc99946798d5687d158d4ff5ea8f4b068f25caa52eee169,14283328,1641938054,1/11/2022 21:54,0x817dfe4072afd8e0cf4f6ae082daaaf4143dd7a4,0xb9b09264779733b8657b9b86970e3db74561c237,,0,0,0,0.00022177,0.076767903,463.38,,,Approve
0xe9a4201ec03c0a389323a17aee81820fc200ee9e7f4f3ed25a48b09fa0173068,14283342,1641938096,1/11/2022 21:54,0x16441cc86ba6a0cca141ad6091eeccb19443f6f5,0xb9b09264779733b8657b9b86970e3db74561c237,,0,0,0,0.00022177,0.076767903,463.38,,,Approve
0xa161fc07bfaf89cdfa63fe7d51c9c4c75c5c361899e52b81b9453e1dbd4f11c2,14283580,1641938810,1/11/2022 22:06,0x7567dee7d5199f03e1490f43e8d8c68bce58fff3,0xb9b09264779733b8657b9b86970e3db74561c237,,0,0,0,0.00022177,0.076767903,463.38,,,Approve
0xf26014e3390610ae340d53aaf0d7abb3058c9e7903253ec54d8bf17b2a4cfb6b,14283853,1641939629,1/11/2022 22:20,0x9e20f1e07b7ec84df782dfdf54dd2da144047725,0xb9b09264779733b8657b9b86970e3db74561c237,,0,0,0,0.00022177,0.076767903,463.38,,,Approve
0x87d07ff9346f495830c4434b0242d2f412c2a1ae1863ad25b844e99a41ff06f5,14284140,1641940490,1/11/2022 22:34,0xb94dbb81957db89b587bb2bdc8015751a7ee07e6,0xb9b09264779733b8657b9b86970e3db74561c237,,0,0,0,0.00022177,0.076767903,463.38,,,Approve
0xe9d189bd091a8bbf03a7e1c5d9dc493e3173a11c969b4718cd5c722647a049ca,14284208,1641940694,1/11/2022 22:38,0x342fb80b04837754825349ffd551a19642bbda62,0xb9b09264779733b8657b9b86970e3db74561c237,,0,0,0,0.00022177,0.076767903,463.38,,,Approve
0x0345a3b24996e8aed466c8129793389fa2f95075414ebe7d39fb4ec492ffe5cf,14284228,1641940754,1/11/2022 22:39,0xb7660c0c8538b826169d9287eae4a098eb0c4354,0xb9b09264779733b8657b9b86970e3db74561c237,,0,0,0,0.00022177,0.076767903,463.38,,,Approve
0x79e47ae74dfe335dd2667bcd5739b1fdbb41ae6e65c591a1c99e9ba0be47197d,14284359,1641941147,1/11/2022 22:45,0x2891985919d99a3bfe8b3838f7a7183b1beb129a,0xb9b09264779733b8657b9b86970e3db74561c237,,0,0,0,0.00022177,0.076767903,463.38,,,Approve
0x715b68e1241cbf164ca48e7e3efc1bc8d80db772f640ec52805619aa81f474d4,14284410,1641941300,1/11/2022 22:48,0x0bfcaef9d3eec80ead1e7077ba5d3c10bffa8b53,0xb9b09264779733b8657b9b86970e3db74561c237,,0,0,0,0.00022177,0.076767903,463.38,,,Approve
0x27f58303472964cfc2a6d3d9f89fb93ba2123d960e8cd493b16a432a14c20056,14284714,1641942212,1/11/2022 23:03,0x5d38f4f6ab46e047c364ba0c2c7f6e98fb9addf8,0xb9b09264779733b8657b9b86970e3db74561c237,,0,0,0,0.00022177,0.076767903,463.38,,,Approve
0x1cbe693b06f0d1de2870f0fe1046fbac6217381f4aa0753b5ee7ae4b3ab3a43e,14284739,1641942287,1/11/2022 23:04,0x43e963487cd3599e8f58cfe9e34b2eed59451e97,0xb9b09264779733b8657b9b86970e3db74561c237,,0,0,0,0.00022177,0.076767903,463.38,,,Approve
0x1df9e97dce23cee06bea1ec5183beb758b0035e6e9d74619f6755414cbd0c901,14284921,1641942848,1/11/2022 23:14,0xf9bf75a357fcaa5cf3d07ff1ef5a011391327fe6,0xb9b09264779733b8657b9b86970e3db74561c237,,0,0,0,0.00022177,0.076767903,463.38,,,Approve
0xb8ea8c286b0cfeb57b77c2caed6ead2915a29ab48f72954e1adce9ca86d6ec36,14284959,1641942962,1/11/2022 23:16,0x1cba22fed032dc74894e978386171ed9853decf0,0xb9b09264779733b8657b9b86970e3db74561c237,,0,0,0,0.00022177,0.076767903,463.38,,,Approve
0x383b5a72c1e21d28868b0c3d5a10673bbe5e76706916987e4d9177bdbbb3a3b0,14285050,1641943235,1/11/2022 23:20,0xb6216befccf4d1dc9c83dac3581d747ac34e06ac,0xb9b09264779733b8657b9b86970e3db74561c237,,0,0,0,0.00022177,0.076767903,463.38,,,Approve
0xc4d63a20200f597d884edcf7e83b0ff291f9c4b273e97b4ae53414cec2fc059d,14285117,1641943436,1/11/2022 23:23,0x8258bd968bb4aa08710a8a218a1d6eb907bb1363,0xb9b09264779733b8657b9b86970e3db74561c237,,0,0,0,0.00022177,0.076767903,463.38,,,Approve
0x4fede79fb99ba50d6a437e8da80cc6a2ded6da03cd9f358070c23e182f1b528c,14285159,1641943562,1/11/2022 23:26,0x7a8c44883c2048f9d2a828679d518bdc6bacfdea,0xb9b09264779733b8657b9b86970e3db74561c237,,0,0,0,0.00022177,0.076767903,463.38,,,Approve
0xd3d30701e929b34181a84053cc93954cc0eb7d9512cb2d2e1197853453feb2c2,14285296,1641943973,1/11/2022 23:32,0xf522d0796542e8bcc16e99cd3136b00452bfa1c8,0xb9b09264779733b8657b9b86970e3db74561c237,,0,0,0,0.00022177,0.076767903,463.38,,,Approve
0x6daf8494cb3f8f41f92e1cd18315f3ebdabf506f9b7fa91c13a718ffc3f006db,14285321,1641944048,1/11/2022 23:34,0xf57bd628e2776691242140d14f42489683895e41,0xb9b09264779733b8657b9b86970e3db74561c237,,0,0,0,0.00022177,0.076767903,463.38,,,Approve
0x53626231dde236483f69cb56164e749e5f4ce15985fdbd8a0660f03cf1689b15,14285531,1641944678,1/11/2022 23:44,0x5278dd9f948474b4f814105277e158b0bd5498a5,0xb9b09264779733b8657b9b86970e3db74561c237,,0,0,0,0.00022177,0.076767903,463.38,,,Approve
0xfec517fe16b08d6037f058f51764ca9642179a411d6b01a64032ed831ada1e83,14285820,1641945545,1/11/2022 23:59,0xc43d08e5c59cd9ce34144e337829bade934fe9da,0xb9b09264779733b8657b9b86970e3db74561c237,,0,0,0,0.00022177,0.076767903,463.38,,,Approve
0x500c39ab04c446b9c6865a31a83d7b42b16b737323069fffae131efc81631891,14285910,1641945815,1/12/2022 0:03,0xf0f9a298b96e645e7a96918b5bfa99bcc778a9b0,0xb9b09264779733b8657b9b86970e3db74561c237,,0,0,0,0.00022177,0.076767903,487.51,,,Approve
0x42aad60058a9ba51f0a7bffe21a53c20d8015c0dcbeaa2cc83ad6728de7b0929,14285948,1641945929,1/12/2022 0:05,0x8da81bdb0aed3d67832fccdb92aaa9376f25c51a,0xb9b09264779733b8657b9b86970e3db74561c237,,0,0,0,0.00022177,0.076767903,487.51,,,Approve
0x8953c62909819b3fab112ff4e8eb9db58a6bf8dcfdea5155744da222c681abc9,14286462,1641947471,1/12/2022 0:31,0x3070d5794b215035957770104f7de90fdc13e3cf,0xb9b09264779733b8657b9b86970e3db74561c237,,0,0,0,0.00022177,0.076767903,487.51,,,Approve
0x48696ddbeb34285b035d57c4a3b41c0d907e2138867a1d69cd0e2f1325bee027,14286621,1641947948,1/12/2022 0:39,0xe1e886d578b1ad32280b6c64ba52ed48f96c5b58,0xb9b09264779733b8657b9b86970e3db74561c237,,0,0,0,0.00022177,0.076767903,487.51,,,Approve
0x3878ca71325a39ca5859032644f93cf9429ed9e5a20eca389de51e8b10b12261,14286644,1641948017,1/12/2022 0:40,0x47033ecfe823eef042f9baab15e9e5fa5f28d43a,0xb9b09264779733b8657b9b86970e3db74561c237,,0,0,0,0.00022177,0.076767903,487.51,,,Approve
0x6c36a5713298ab0c9fdf09116449262434b788128c0c8f8ab57f1e9eda619700,14286712,1641948221,1/12/2022 0:43,0x92ea3779aec3e09e385fd718f389123a02b14713,0xb9b09264779733b8657b9b86970e3db74561c237,,0,0,0,0.00022177,0.076767903,487.51,,,Approve
0x7973638fa7d5dddc0adf0ac54ac6957d83ab1e2c537d8a1d1dc1b792051833f6,14286911,1641948820,1/12/2022 0:53,0x241d2b20f2c26a2541a0f121d6a33c29cb4cfe69,0xb9b09264779733b8657b9b86970e3db74561c237,,0,0,0,0.00022177,0.076767903,487.51,,,Approve
0xeaa329e5de7a0cf6a514d8f77f08c1d3f6dd9215f9efd89db96e1cc67e7d98d8,14287124,1641949459,1/12/2022 1:04,0xbbccb9483ca91ac27fd14dd8e1481c0e0cd86d92,0xb9b09264779733b8657b9b86970e3db74561c237,,0,0,0,0.00022177,0.076767903,487.51,,,Approve
0x41554345037b890e482dc9570b92d61fb4f03db2b2bc2291e67ae457b45ca58d,14287492,1641950563,1/12/2022 1:22,0xb79252042f6639d02025ec881d52434cbe8cfb70,0xb9b09264779733b8657b9b86970e3db74561c237,,0,0,0,0.00022177,0.076767903,487.51,,,Approve
0xdc5208bdd2ff30cd603a6cbe4ad27dd4ea9e2208baba935244edfc0f9d521197,14287727,1641951268,1/12/2022 1:34,0x12e6a73c18eec76f46e8b00ea8027549a19ce14d,0xb9b09264779733b8657b9b86970e3db74561c237,,0,0,0,0.00022177,0.076767903,487.51,,,Approve
0x82974a1b957f6d6b9b2d24a67fabd4ca6fadedc84884230dde30823cdf021057,14287992,1641952063,1/12/2022 1:47,0xa58a9f595fb68edbed8f77a6bb34faf630cfbd60,0xb9b09264779733b8657b9b86970e3db74561c237,,0,0,0,0.00022177,0.076767903,487.51,,,Approve
0xeddb8167ec9706b46a3030094c897c806d62c49f85637059a9098ad794483dc9,14288242,1641952813,1/12/2022 2:00,0xf928e8fdf2436e3d588f1dc3c0556a615679d43f,0xb9b09264779733b8657b9b86970e3db74561c237,,0,0,0,0.00022177,0.076767903,487.51,,,Approve
0x3115e8dcf3a4133e6dac7a76b36abba6cef2c140e47c09ec0fce486ed58bd1c2,14288809,1641954514,1/12/2022 2:28,0xcb89b291200037fa87259568dc9e00ea836c02cf,0xb9b09264779733b8657b9b86970e3db74561c237,,0,0,0,0.00022177,0.076767903,487.51,,,Approve
0xc8823332cb88f42757c7bed233b776a6d295863901a8cdacbf627a5b827b1311,14288885,1641954742,1/12/2022 2:32,0xbe7a058bd89e3b456b190b51541ddd538ad31864,0xb9b09264779733b8657b9b86970e3db74561c237,,0,0,0,0.00022177,0.076767903,487.51,,,Approve
0xdf35b95f01f09a957653c3ab7b64387a77c60ffc4b4edb9b1cf7cafbc855be67,14290309,1641959020,1/12/2022 3:43,0x5fe20d3b20c9a8dac9fbbc0d7db02077e6c6d683,0xb9b09264779733b8657b9b86970e3db74561c237,,0,0,0,0.00022177,0.076767903,487.51,,,Approve
0x669de2614f1c646efb7ba15ed86f6a7932187d548e64dfaf9a2aaf166f626c18,14290322,1641959059,1/12/2022 3:44,0x4bb3405adcf63253370e232520d2eedf7489c538,0xb9b09264779733b8657b9b86970e3db74561c237,,0,0,0,0.00022177,0.076767903,487.51,,,Approve
0x526d462b14b29a94222678a9eb444f3a56014528a4e577fc4dc3836f8e21f1f7,14290349,1641959140,1/12/2022 3:45,0xe759c4ddefe5ad592b2875ff6b2f4333ff5f117d,0xb9b09264779733b8657b9b86970e3db74561c237,,0,0,0,0.00022177,0.076767903,487.51,,,Approve
0x5a7d57a889d4969b6f30699ce272902b2161f93fe17cd8a8cb32c781be97625a,14290380,1641959233,1/12/2022 3:47,0x81ee1176ad31dd58efef903460c7660ff7326c5d,0xb9b09264779733b8657b9b86970e3db74561c237,,0,0,0,0.00022177,0.076767903,487.51,,,Approve
0xcdf1f2288f6001124bf99cabfd9087fbaa54677c582716105900d9fac9ef50f9,14290383,1641959242,1/12/2022 3:47,0x331ee5d97a758e626c9cbc28fc0c14191f9f9a65,0xb9b09264779733b8657b9b86970e3db74561c237,,0,0,0,0.00022177,0.076767903,487.51,,,Approve
0xa5adf87289b93add65ee836a132f81aed5ddc164f652f9e42c3e27cb6b228880,14290994,1641961075,1/12/2022 4:17,0xd7d5310f03ba2b386658b5d3c8988ec7d7a3f0fc,0xb9b09264779733b8657b9b86970e3db74561c237,,0,0,0,0.00022177,0.076767903,487.51,,,Approve
0xff7f005988bbeee8071a00a3df66338b13cf582582a110efc5aa4f4e980b84c2,14291253,1641961852,1/12/2022 4:30,0x3417e0d4dcf131f4a8f99099683a9546ec759920,0xb9b09264779733b8657b9b86970e3db74561c237,,0,0,0,0.00022177,0.076767903,487.51,,,Approve
0xc58a285a7c3cf4f5f05ee94caa46036b694439c68d91062ca89a37e73bff77f3,14291417,1641962344,1/12/2022 4:39,0xacf729aa410479ba861fa30474b6d2201c21a9a2,0xb9b09264779733b8657b9b86970e3db74561c237,,0,0,0,0.00022177,0.076767903,487.51,,,Approve
0x8b5f32a0aa0c8dc897feefd5cbb26c6023d6c9ea161fb7c6e41791000df4275f,14291686,1641963151,1/12/2022 4:52,0xe72ba59c7b2c21066c068ec7f018b96b1741cfed,0xb9b09264779733b8657b9b86970e3db74561c237,,0,0,0,0.00022177,0.076767903,487.51,,,Approve
0xa4014d8da6a382364809a9f4108a22cf95da5ef410ce850e83135f077946a542,14291735,1641963298,1/12/2022 4:54,0x54720c057ff33dfef6699e9d57db59933d534d54,0xb9b09264779733b8657b9b86970e3db74561c237,,0,0,0,0.00022177,0.076767903,487.51,,,Approve
0x9a6aff5fbd74e042a37e77469b8c21f7532b6868f2db930ce374045fa07ebd2b,14291741,1641963316,1/12/2022 4:55,0xf00a8009431471a1dbd6d831de5ce9607845e63e,0xb9b09264779733b8657b9b86970e3db74561c237,,0,0,0,0.00022177,0.076767903,487.51,,,Approve
0x94f12d8e9b870a1231c0c833ca9e44cf46451bff0bdb76c8839526bb80d80a33,14292633,1641965992,1/12/2022 5:39,0x050064ef5f7920c31f85c95d49715d4a01176e48,0xb9b09264779733b8657b9b86970e3db74561c237,,0,0,0,0.00022177,0.076767903,487.51,,,Approve
0xd3b2367f079bec2190fc280c579f8091c9fa3d7d023f0106e271e9e1322dee1e,14292733,1641966292,1/12/2022 5:44,0x56f0b2f4e7cdccff566ca2f412253ed0928a2395,0xb9b09264779733b8657b9b86970e3db74561c237,,0,0,0,0.00022177,0.076767903,487.51,,,Approve
0xf150a0b06c5dfb37a92a6836ccaf3fedfc1d1cd60522d42539d0eae90e1facea,14292976,1641967021,1/12/2022 5:57,0xf5841f25db68dac1809b6f047237bb772cf95a79,0xb9b09264779733b8657b9b86970e3db74561c237,,0,0,0,0.00022177,0.076767903,487.51,,,Approve
0x2fdf2e2b9737ec0fbbcfb490cad2bb121f29233cf87ddb3351fe25cf5ac2338f,14294341,1641971118,1/12/2022 7:05,0x859772cd108eddf5dce8e34950b4607cfaf67b93,0xb9b09264779733b8657b9b86970e3db74561c237,,0,0,0,0.00022177,0.076767903,487.51,,,Approve
0x964e9b9af5be3086f7676a1f05d9689eaa6a17440166fae4454339cefc022d0f,14295101,1641973398,1/12/2022 7:43,0xac904735898a79b2ee0832abc7d1d8d556a225af,0xb9b09264779733b8657b9b86970e3db74561c237,,0,0,0,0.00022177,0.076767903,487.51,,,Approve
0xcc2824f17ab485e4233739e18cecc1907542491f7a87842b31620b8f5c197641,14295257,1641973866,1/12/2022 7:51,0x273ec095fe4c3c023b6e5d3dcd3642af950ac930,0xb9b09264779733b8657b9b86970e3db74561c237,,0,0,0,0.00022177,0.076767903,487.51,,,Approve
0xfbf09afa5fdcb9972e066e447cce97c005761a524d0240d1bf9df1edea93c544,14295545,1641974730,1/12/2022 8:05,0xd582c1b87cdb05c1e15ebbab56d650a28df6b84f,0xb9b09264779733b8657b9b86970e3db74561c237,,0,0,0,0.00022177,0.076767903,487.51,,,Approve
0x776c4165214ddd61955aae11a6b26e46a921f534b95b7dca02aa456db92610f3,14295885,1641975756,1/12/2022 8:22,0x361250bc6fbc7f8aa80e70e339f3ea23bfd5d4c3,0xb9b09264779733b8657b9b86970e3db74561c237,,0,0,0,0.00022177,0.076767903,487.51,,,Approve
0x8b854a407ceb5edd84f70778a88ba2c279c08479a233817779087b54b25a8353,14296188,1641976665,1/12/2022 8:37,0xe6a4f36588810b835b64ea50ab348e13ac5c9b03,0xb9b09264779733b8657b9b86970e3db74561c237,,0,0,0,0.00022177,0.076767903,487.51,,,Approve
0xac3cdc0a7bc52a0c30acbad1c2d8501912d8bbed99952f2278e27f5a319d9114,14296774,1641978426,1/12/2022 9:07,0x52af411f863fd97419b6e4decb3a68ffa9246806,0xb9b09264779733b8657b9b86970e3db74561c237,,0,0,0,0.00022177,0.076767903,487.51,,,Approve
0x29ef20ad852d64b52393b2273ab281686ee9fa3cf5fadf262927c5abb93a26bf,14297186,1641979662,1/12/2022 9:27,0xda10686ac9e4abae44521120c7eb09c37105f35f,0xb9b09264779733b8657b9b86970e3db74561c237,,0,0,0,0.00022177,0.076767903,487.51,,,Approve
0xc49d18c5ba9fda0c84902324353555213388f129f41edd2fa993b48d05fb8daf,14297386,1641980262,1/12/2022 9:37,0xbe8ba22113bfb2dee3ba8b9026da5cd27cb053ec,0xb9b09264779733b8657b9b86970e3db74561c237,,0,0,0,0.00022177,0.076767903,487.51,,,Approve
0x13fee8899ceb1ff03062c0ffc845c7513988ea782e5283efbbd78e291d40280e,14298507,1641983712,1/12/2022 10:35,0x911a20396e64ac47dab0b1c378c003247523a87a,0xb9b09264779733b8657b9b86970e3db74561c237,,0,0,0,0.00022177,0.076767903,487.51,,,Approve
0xdde4b0490f550340f4bcc4c3566fb9a81f0623a53d44bdd4e8acfeff60fa436d,14299434,1641986503,1/12/2022 11:21,0x487b16d67c52aa58b1c4d610aef5b83c2209447b,0xb9b09264779733b8657b9b86970e3db74561c237,,0,0,0,0.00022177,0.076767903,487.51,,,Approve
0x40436fbd3dd477aa221535dd1c0974f88c86c0a06ef21b39bbcf10691476e961,14300031,1641988320,1/12/2022 11:52,0x4f5b25adb17e7bd4c48fbedd7bda4444072a14bd,0xb9b09264779733b8657b9b86970e3db74561c237,,0,0,0,0.00022177,0.076767903,487.51,,,Approve
0xc031a8807600ea28b4bd9a185c8c0179e63f68cf8b1532c443477cc47fdd719a,14300177,1641988758,1/12/2022 11:59,0x2fd2df553868bc24fbf566aeea0dea1487092a6f,0xb9b09264779733b8657b9b86970e3db74561c237,,0,0,0,0.00022177,0.076767903,487.51,,,Approve
0x81674e727529b24fadc42adb2591b0f046059977dd69ff5a9e92f919a3f34df0,14302960,1641997107,1/12/2022 14:18,0x2b92593e8e2cd226897b86ecbe26a105ec3121a0,0xb9b09264779733b8657b9b86970e3db74561c237,,0,0,0,0.00022177,0.076767903,487.51,,,Approve
0xcc2e07f01126ec2ad071afc258cb5bd9895ebeba56a6ec7467d0b2ad42502ee3,14304144,1642000683,1/12/2022 15:18,0x3eab10022d6aa6e1a2a7379621f9070d7cd29b25,0xb9b09264779733b8657b9b86970e3db74561c237,,0,0,0,0.00022177,0.076767903,487.51,,,Approve
0x0c247bea5d532a70eacecfe3115d83a95b5723100b9aa703c3c0a675f047267f,14304230,1642000941,1/12/2022 15:22,0x6c428b4a5f1478278399481ac9f1d4f0fa0d7404,0xb9b09264779733b8657b9b86970e3db74561c237,,0,0,0,0.00022177,0.076767903,487.51,,,Approve
0x3d4750bd8487853e52f9a60f6c9e5e21c785e616e404dd90b3ee3ba1ee68c5da,14304490,1642001739,1/12/2022 15:35,0x96c70e4d8beb0c8b801bca9ba4937e6c622da205,0xb9b09264779733b8657b9b86970e3db74561c237,,0,0,0,0.00022177,0.076767903,487.51,,,Approve
0xdfa9cfc5edce769df22ef9e871d1575c9d5fdec430b9bb8046e1d8c3812a6a4f,14304541,1642001892,1/12/2022 15:38,0x7a88560e942bbbe2617b7c2317e0a7271fa89518,0xb9b09264779733b8657b9b86970e3db74561c237,,0,0,0,0.00022177,0.076767903,487.51,,,Approve
0xda84161a804d10beea93550151deb604b605599755ddd90d97df5a05883bb977,14304552,1642001925,1/12/2022 15:38,0x0c3a24b0ae902f2cedf7077c024bae7c7bf6bea6,0xb9b09264779733b8657b9b86970e3db74561c237,,0,0,0,0.00022177,0.076767903,487.51,,,Approve
0x3e510c5e1695a8f6db1a487ca85d39e671a33aa5a385394a66027906d7656eb9,14304653,1642002228,1/12/2022 15:43,0xe35d818e5c544a202abe38e9d316aba291cf488b,0xb9b09264779733b8657b9b86970e3db74561c237,,0,0,0,0.00022177,0.076767903,487.51,,,Approve
0x22f8d19957afe2d680b850dfdf262e64897986544c639ce820d768193ef7d1b3,14305275,1642004099,1/12/2022 16:14,0xeb293f8946c210f5772f544b87573f1394130d6d,0xb9b09264779733b8657b9b86970e3db74561c237,,0,0,0,0.00022177,0.076767903,487.51,,,Approve
0x5f597cabac8dbde74cd0e6ebd9838bfd0cffb0ad91be6847d7f23f523a4f66fd,14306007,1642006306,1/12/2022 16:51,0xd54e9019a16b355d8fcbaa4b11fc8212ebd236c5,0xb9b09264779733b8657b9b86970e3db74561c237,,0,0,0,0.00022177,0.076767903,487.51,,,Approve
0xcfebb57d9851f9cf8970eed80cf96bc7b64bebb4185af789cd9e92c03209ccf1,14306824,1642008769,1/12/2022 17:32,0x15a5ce7d5340cf9aa51f5b4cc097ec821149a2d4,0xb9b09264779733b8657b9b86970e3db74561c237,,0,0,0,0.00022177,0.076767903,487.51,,,Approve
0x7138a432415159bb13698aadf495f8ff27d351dd62747d52e60930b69683c763,14307676,1642011326,1/12/2022 18:15,0xcdf16a03a01071de6584cd104884c753715abe7f,0xb9b09264779733b8657b9b86970e3db74561c237,,0,0,0,0.00022177,0.076767903,487.51,,,Approve
0xb6c9e1ec81de7f40e7db1b83b477161e5662ad040ff53b961d892dce2df9e6b7,14307981,1642012241,1/12/2022 18:30,0x49ae3f1423d5ac1d3846921ecc93f4f78161cd99,0xb9b09264779733b8657b9b86970e3db74561c237,,0,0,0,0.00022177,0.076767903,487.51,,,Approve
0x5aecfea5f682217255b05b4bbd546a88920c2030e34b8527afd48d09a03f4115,14308013,1642012337,1/12/2022 18:32,0x6c80ade242cbed1bba3a4f78bba5e7f5a63c4f5e,0xb9b09264779733b8657b9b86970e3db74561c237,,0,0,0,0.00022177,0.076767903,487.51,,,Approve
0xa0df26e2b89a16a6370e5683174abeebf128b6c690bf87835a8f06856c4f1b6e,14310047,1642018439,1/12/2022 20:13,0x1528b4ba3a2445b16a03d9c481acbf7d51f7d8ac,0xb9b09264779733b8657b9b86970e3db74561c237,,0,0,0,0.00022177,0.076767903,487.51,,,Approve
0xb628c21e370281c465beafd8630f71fd401632a5815543556fb313a8a787569a,14310936,1642021106,1/12/2022 20:58,0xb2a22ff1de481366776c35b987d7e0861fa3bb31,0xb9b09264779733b8657b9b86970e3db74561c237,,0,0,0,0.00022177,0.076767903,487.51,,,Approve
0xec8aecb0f9ac229dacee1c607810fc5dccfd194369ff7ff6749a430f5b887797,14311396,1642022486,1/12/2022 21:21,0xff271c4ccb4f7dddad2f4f9452f1b1c2a9fe9a7c,0xb9b09264779733b8657b9b86970e3db74561c237,,0,0,0,0.00022177,0.076767903,487.51,,,Approve
0x3896896907a678bda14aeba8b18536f3d10210f33dc563fa406d1a29a6106c46,14313806,1642029716,1/12/2022 23:21,0xc7c7e4ac0fa13b17dda6a51b0d3a6009a8b91563,0xb9b09264779733b8657b9b86970e3db74561c237,,0,0,0,0.00022177,0.076767903,487.51,,,Approve
0x77fc4ea4eda6d011569a4f5749f341b6c6871e7891e99b57c6c0fb49951e7227,14313809,1642029725,1/12/2022 23:22,0x92960c3b64b06bea7fc7b183f2b2a42c3450d4dd,0xb9b09264779733b8657b9b86970e3db74561c237,,0,0,0,0.00022177,0.076767903,487.51,,,Approve
0xfa8a07112c33855e3c84d4a74f3405b78d6fd82102618909ae5dfda7f4071e89,14316145,1642036737,1/13/2022 1:18,0x91c573c40ea3cfda164cb6facfa6d103c33b5b95,0xb9b09264779733b8657b9b86970e3db74561c237,,0,0,0,0.00022177,0.076767903,475.57,,,Approve
0x1c612a7862829cd6f97b65b17ab6aaaaa144b75c3ac84285d0c5d2934828868a,14316880,1642038942,1/13/2022 1:55,0x07052667685fa195d23cf22b26c10f60d9d3ab97,0xb9b09264779733b8657b9b86970e3db74561c237,,0,0,0,0.00022177,0.076767903,475.57,,,Approve
0xad6be2756413819026bee8e48d5ee6b737a982737146f057a7d4a0683bd22582,14320394,1642049484,1/13/2022 4:51,0x6634867f01eed312b51d3515a577ce21704f2016,0xb9b09264779733b8657b9b86970e3db74561c237,,0,0,0,0.00022177,0.076767903,475.57,,,Approve
0x5a30351caee058ed17895c4f139c476d3ec4bdeeeeddcb492b8d976ba351e537,14324780,1642062643,1/13/2022 8:30,0xcb102c659e84fc99624f0f6d3eeae41d35ba9476,0xb9b09264779733b8657b9b86970e3db74561c237,,0,0,0,0.00022177,0.076767903,475.57,,,Approve
0x068a002662e5845f47142e74fc5077a055ab2464479d624482c10164776f4fbf,14326859,1642068880,1/13/2022 10:14,0xdad9c389544b4e686430b27ce0e02a135b7464e8,0xb9b09264779733b8657b9b86970e3db74561c237,,0,0,0,0.00022177,0.076767903,475.57,,,Approve
0x6fe0f2d8ad2914c5fc2d61683f5281368c480a2089fbf37114b617d6d9153f60,14327674,1642071325,1/13/2022 10:55,0x1eb7c4c104757d6485d9c3cac305a22443b909ac,0xb9b09264779733b8657b9b86970e3db74561c237,,0,0,0,0.00022177,0.076767903,475.57,,,Approve
0x23bc7a42ddcf42b79a2b884eeab56b8eb17b8998b3c9394df41277cecdeba86a,14329588,1642077067,1/13/2022 12:31,0x3ec0bdc1dca363368ba6cbcff90771eb9ea63594,0xb9b09264779733b8657b9b86970e3db74561c237,,0,0,0,0.00022177,0.076767903,475.57,,,Approve
0x0647c5ee2ba74d5b21d168ff100bedd6ad5f62e714acc6149c7a64093fbf2094,14329942,1642078129,1/13/2022 12:48,0x9618ce1cf75f0d9090325ba4c26a0e782f4ea7ad,0xb9b09264779733b8657b9b86970e3db74561c237,,0,0,0,0.00022177,0.076767903,475.57,,,Approve
0x6a112cafc7e7dfd413de0997321716d4c07ebb492036596ac435c873f168d946,14330475,1642079728,1/13/2022 13:15,0x52de77d5443fe553cd0fa24b4a0f0d42ab9fd3a8,0xb9b09264779733b8657b9b86970e3db74561c237,,0,0,0,0.00022177,0.076767903,475.57,,,Approve
0x22424af80a0b28d8c15d68fdfcbca3d43519dc480053eb77402d08586c815ffc,14331486,1642082764,1/13/2022 14:06,0x7decf4c6ac4a9e8bc35626baa72ca9e8603a33bd,0xb9b09264779733b8657b9b86970e3db74561c237,,0,0,0,0.00022177,0.076767903,475.57,,,Approve
0x3a2ffc92c2fcfc5d46eb364f2ac3db489d70bdd9d43e20095278163b04e30f75,14331912,1642084044,1/13/2022 14:27,0xa77e6f93945c1a9e4b1523af4092191ca1754a7a,0xb9b09264779733b8657b9b86970e3db74561c237,,0,0,0,0.00022177,0.076767903,475.57,,,Approve
0x92ece217f58f0a7d8c9d83bee8bfd16c76602aa66756fe369ccad2e8c5f3b9df,14332575,1642086036,1/13/2022 15:00,0x0177039f8c845ad55924065af19b226c7163efb4,0xb9b09264779733b8657b9b86970e3db74561c237,,0,0,0,0.00022177,0.076767903,475.57,,,Approve
0x264db44cbfe79a59e5404415b3f0ff28f2c06e88e0a96988b271f136599bd503,14332636,1642086219,1/13/2022 15:03,0x7de10ea8b851777a8ed302562c81b5c049ce9ec5,0xb9b09264779733b8657b9b86970e3db74561c237,,0,0,0,0.00022177,0.076767903,475.57,,,Approve
0x8e5ef7220a1f2c30b09b2fdb409a1fe0470cd6baeb4dd0ee35e5661c7847565d,14332637,1642086222,1/13/2022 15:03,0x52de77d5443fe553cd0fa24b4a0f0d42ab9fd3a8,0xb9b09264779733b8657b9b86970e3db74561c237,,0,0,0,0.00022177,0.076767903,475.57,,,Approve
0xea67ddadbbdd54439db63598c39f02e3528757f289113875687e22cbc7cc0ee3,14334848,1642092902,1/13/2022 16:55,0xf692e34d0b5f4dec8a8a3a3b6313dffeedcc425e,0xb9b09264779733b8657b9b86970e3db74561c237,,0,0,0,0.00022177,0.076767903,475.57,,,Approve
0x73b249ec0b1fb9cce456674bbb0ffe5f9309e2bb5a3c919888ec16d301b625ad,14339438,1642106674,1/13/2022 20:44,0x5ddf201ce697a004dac27a53ed8464d9531e996f,0xb9b09264779733b8657b9b86970e3db74561c237,,0,0,0,0.00022177,0.076767903,475.57,,,Approve
0xad3463fae75a1592837c13abb7c17efe5ed3bc10a8e17c93769afe4d220bb659,14340438,1642109674,1/13/2022 21:34,0x0ee614194e8693da786fac2089a4a7f665eb958c,0xb9b09264779733b8657b9b86970e3db74561c237,,0,0,0,0.00022177,0.076767903,475.57,,,Approve
0x24fae74981e8c3f8715003d1057dea77cf75e44188b79f63f87d35817340442e,14342645,1642116295,1/13/2022 23:24,0x3ac1921701fd9cf3cb02a89d986c8bebe916dbec,0xb9b09264779733b8657b9b86970e3db74561c237,,0,0,0,0.00022177,0.076767903,475.57,,,Approve
0xaeb45b2399e5f0b078a1431cbb2be507a2493962d3616ff8dbfd28f461bd8da6,14343241,1642118083,1/13/2022 23:54,0x3a9520541aac9069b469c005dff93bda1824415d,0xb9b09264779733b8657b9b86970e3db74561c237,,0,0,0,0.00022177,0.076767903,475.57,,,Approve
0xd1e303202e30ef68e00f8d71b8b996e0cb469c529ed7d9be801a2bce799c5a7f,14345452,1642124766,1/14/2022 1:46,0x04744f5fb8f41be2201893bbb90ecae70af48c0a,0xb9b09264779733b8657b9b86970e3db74561c237,,0,0,0,0.00022177,0.076767903,490.36,,,Approve
0x7c36f795137613e98c568166fdf6d671f889012d83e2a9e16696a10fa0a6742f,14346126,1642126788,1/14/2022 2:19,0xe222cfe12a308977ce13f431eca897440f63033e,0xb9b09264779733b8657b9b86970e3db74561c237,,0,0,0,0.00022177,0.076767903,490.36,,,Approve
0xaab8ecc9ef27de8c521e13ebf4108ad22cb2f85e2c114e0ec0d6161d1d4f9abd,14347247,1642130250,1/14/2022 3:17,0xceffdd986a4610f263314b5e96eb6675936256fd,0xb9b09264779733b8657b9b86970e3db74561c237,,0,0,0,0.00022177,0.076767903,490.36,,,Approve
0xb77fa708d9acdef304a23afb8d1271df936550f2e366947126140d8a621ee078,14349893,1642138188,1/14/2022 5:29,0xafeb6388158263744eb9fe966bb65e7676e98552,0xb9b09264779733b8657b9b86970e3db74561c237,,0,0,0,0.00022177,0.076767903,490.36,,,Approve
0x4f642c70bbf34943ce45ebdb3712c3c041936f9f399fe45a5f7faad51b574cdc,14353056,1642147677,1/14/2022 8:07,0xee360206fd12f2c4e5a367c793bb8ea6a0ab7d99,0xb9b09264779733b8657b9b86970e3db74561c237,,0,0,0,0.00022177,0.076767903,490.36,,,Approve
0xd4190f412ed2d8fd9db387a3944a0e33ac47acea2323469dbad0a24d305f91d5,14353478,1642148974,1/14/2022 8:29,0x543ea836aa5c465878116fdaf247b265265ab064,0xb9b09264779733b8657b9b86970e3db74561c237,,0,0,0,0.00022177,0.076767903,490.36,,,Approve
0x23afc2b63674e87a1ce4196954ab2aaed1e613d62d66079cfe6b30914cb96b1e,14353492,1642149022,1/14/2022 8:30,0x543ea836aa5c465878116fdaf247b265265ab064,0xb9b09264779733b8657b9b86970e3db74561c237,,0,0,0,0.00012577,0.043536543,490.36,,,Approve
0xb7d12535d22363a71c82aafb4432b7bc79ed5dbeafa94771cae4ba350160c542,14353745,1642149781,1/14/2022 8:43,0x2149556f315c9f08368286300d745e35b67fc00b,0xb9b09264779733b8657b9b86970e3db74561c237,,0,0,0,0.00022177,0.076767903,490.36,,,Approve
0x2c31f07bd2151cdd29841630e2aacaaf3574510720735715556de2ebfcb66921,14354023,1642150615,1/14/2022 8:56,0x7eee2acc10613025fde276b0b0bcb345ff7b4971,0xb9b09264779733b8657b9b86970e3db74561c237,,0,0,0,0.00022177,0.076767903,490.36,,,Approve
0x118617ee396987e3f98a8c784c57900443bef44346c0236a45e86c61320ad473,14354955,1642153411,1/14/2022 9:43,0xffdb30a6e820f63f065622fe2ae105f9fe3f152b,0xb9b09264779733b8657b9b86970e3db74561c237,,0,0,0,0.00022177,0.076767903,490.36,,,Approve
0x6cd0452ffe34ee307b9540116075c4e68973da01cce0dcd8e8858228630d4d81,14355789,1642155914,1/14/2022 10:25,0xfbec65e7eb8a1a537998b800601c22d000d712ae,0xb9b09264779733b8657b9b86970e3db74561c237,,0,0,0,0.00022177,0.076767903,490.36,,,Approve
0x370e473f92d0053cc415fe52929c4eb909e4da135f58ae597855fa74d13ba618,14356217,1642157198,1/14/2022 10:46,0x2c61569026ca8da02911fd991d2ff695c435d031,0xb9b09264779733b8657b9b86970e3db74561c237,,0,0,0,0.00022177,0.076767903,490.36,,,Approve
0xad926841513968dfe0103afcfb0cd1d38f4f28309b65b5c4d55b67fa658db8c6,14356261,1642157330,1/14/2022 10:48,0xe868c3064b3ec6385b0e54142a5dcb6b1d825054,0xb9b09264779733b8657b9b86970e3db74561c237,,0,0,0,0.00022177,0.076767903,490.36,,,Approve
0x2f6414b169af00611681ab799114dad38854af048c4cc93a70cd52ab6bc17f8b,14357965,1642162462,1/14/2022 12:14,0xef29f19c3088256634d0a749b08a58fa101e049a,0xb9b09264779733b8657b9b86970e3db74561c237,,0,0,0,0.00022177,0.076767903,490.36,,,Approve
0x5d0b1437b880e4306a1bd311f4bb513d42395e50d57f2cbe00a399a54afb2d47,14358913,1642165306,1/14/2022 13:01,0x301ad61e7ece47a854303f57402674ea41ebf10d,0xb9b09264779733b8657b9b86970e3db74561c237,,0,0,0,0.00022177,0.076767903,490.36,,,Approve
0x6dec0397b588a9ef6508a702907c4f01ba73d4babfac957a843eefeeb5d22baf,14358934,1642165369,1/14/2022 13:02,0xe4eb56058c7b5f1bcec91861a968d37bba56db39,0xb9b09264779733b8657b9b86970e3db74561c237,,0,0,0,0.00022177,0.076767903,490.36,,,Approve
0xf7fa6c205ae477f9ace227d41ebc2633bd578e0d72f225c9a8aad972c1fe6d53,14359012,1642165603,1/14/2022 13:06,0x3fce4d7b8d17da355969e29ec7fe4d1ea3dfc0d8,0xb9b09264779733b8657b9b86970e3db74561c237,,0,0,0,0.00022177,0.076767903,490.36,,,Approve
0x3464f8e2dd38203d9828583a28b8e1edab2d83b9dd130ee7d61a7242853e0b91,14359885,1642168222,1/14/2022 13:50,0x88549ece7398f150ac92711900bd1bec8d2841ee,0xb9b09264779733b8657b9b86970e3db74561c237,,0,0,0,0.00022177,0.076767903,490.36,,,Approve
0xdbf9b74035732312921ac0046802fc4eaa955bd44e93e9618da266357223326b,14361235,1642172322,1/14/2022 14:58,0x32e6b7d57a7b2347c08df02889c69984890f8888,0xb9b09264779733b8657b9b86970e3db74561c237,,0,0,0,0.00022177,0.076767903,490.36,,,Approve
0xdc6cec2d946744dc8d114c6b75b5502da7f20661e396c14554963f216b17f259,14370369,1642199727,1/14/2022 22:35,0x11e958db4f2a6d9d1347d6ade8bdbd7eec319f5e,0xb9b09264779733b8657b9b86970e3db74561c237,,0,0,0,0.00022177,0.076767903,490.36,,,Approve
0x66196e95cd5f8dc7382439bd6d35d07360fa46c7b4dcc34c851548eb12107c27,14372506,1642206138,1/15/2022 0:22,0x90209ec83262b85bb11ca11bb995ef09eeb059ce,0xb9b09264779733b8657b9b86970e3db74561c237,,0,0,0,0.00022177,0.076767903,494.66,,,Approve
0x87538618b75a9e735cabc539bfb03eefa638ee9b3576131babf861db771f63be,14372966,1642207518,1/15/2022 0:45,0xb2a22ff1de481366776c35b987d7e0861fa3bb31,0xb9b09264779733b8657b9b86970e3db74561c237,,0,0,0,0.00022177,0.076767903,494.66,,,Approve
0x92ff8525b0a3731ea8edde55cb2ae6bd6e40630cf643c1d0e7675bdc52c88a10,14376652,1642218577,1/15/2022 3:49,0x9a0b797e017e849719013e7a5ea3b4fc07171136,0xb9b09264779733b8657b9b86970e3db74561c237,,0,0,0,0.00022177,0.076767903,494.66,,,Approve
0xaa779cd25a06adc156ef9220847a611d02971c0d88afb59a70d6820c7a90e149,14377344,1642220653,1/15/2022 4:24,0x331ee5d97a758e626c9cbc28fc0c14191f9f9a65,0xb9b09264779733b8657b9b86970e3db74561c237,,0,0,0,0.00010528,0.036443725,494.66,,,Transfer
0xe0657e9f5d2e3ad8b609b543ae9062ad6fe7afe31f8a372b4faadd681646b5b2,14377397,1642220812,1/15/2022 4:26,0xd582c1b87cdb05c1e15ebbab56d650a28df6b84f,0xb9b09264779733b8657b9b86970e3db74561c237,,0,0,0,0.00010528,0.036443725,494.66,,,Transfer
0xc79f469da2ead74c98615d22bc30439b53c7c18a649433f22cc9e3e69dd671cb,14380354,1642229699,1/15/2022 6:54,0xab3ee4425673e4903eb4f527a47e239f01de242e,0xb9b09264779733b8657b9b86970e3db74561c237,,0,0,0,0.00022177,0.076767903,494.66,,,Approve
0x4bcfacec5145c64114cade1159fe22ed1385d8a965d23680b1447c70f2550397,14382156,1642235105,1/15/2022 8:25,0xd17e6f19e4dca06ccd8601003d61a018a2904cd7,0xb9b09264779733b8657b9b86970e3db74561c237,,0,0,0,0.00022177,0.076767903,494.66,,,Approve
0x7a85236ca7f2c3181809452c1012ba3609c5a8eb347d8b425bc99b5968c94af0,14382823,1642237106,1/15/2022 8:58,0x1bc5ed7a3d5770cc2d420f22cf3b4dd10d4ddf1e,0xb9b09264779733b8657b9b86970e3db74561c237,,0,0,0,0.00022177,0.076767903,494.66,,,Approve
0xae7e4615a5a765b1fe333e6051ed95e8688f4896dcf71c0f07cf0f082919fb5c,14387502,1642251178,1/15/2022 12:52,0xacb988cb8fe2364c60904b947182ac46f159b937,0xb9b09264779733b8657b9b86970e3db74561c237,,0,0,0,0.00022177,0.076767903,494.66,,,Approve
0x8596f03c9c75a6edae349553f47ac2070c810abbeac09d305711ff66295a04ab,14393792,1642270094,1/15/2022 18:08,0x0530f033240450539bb4d5326aa5d012f1bf1fde,0xb9b09264779733b8657b9b86970e3db74561c237,,0,0,0,0.00022177,0.076767903,494.66,,,Approve
0x1a96886e6a91158cec4ab94288232643c9db4edcbfd154cae07ddf38ee0ef640,14395049,1642273959,1/15/2022 19:12,0x33f1f564e0f46a1bb81e9f9130b6203f3019bcb1,0xb9b09264779733b8657b9b86970e3db74561c237,,0,0,0,0.00022177,0.076767903,494.66,,,Approve
0x80a8980e626c958c350ed6814f793156d7e0b63e60f2f4538332dc09c6704e92,14395734,1642276016,1/15/2022 19:46,0x55b4a6820f13688c734e0e9142e1cf63bc526661,0xb9b09264779733b8657b9b86970e3db74561c237,,0,0,0,0.00022177,0.076767903,494.66,,,Approve
0x7256db3d73a0e3076d540cd61f2984f517971de5d00ff545fe9bec951f69b3bd,14397684,1642281866,1/15/2022 21:24,0x7a8c44883c2048f9d2a828679d518bdc6bacfdea,0xb9b09264779733b8657b9b86970e3db74561c237,,0,0,0,0.000072425,0.025070638,494.66,,,Approve
0x1a414ab56cb733d2e46d4cab3d5ea359b5fec72a9728c663b1cde3fbf753205f,14398687,1642284875,1/15/2022 22:14,0xe12adfa424ed93b9366ff8c14aab3800d801b9d9,0xb9b09264779733b8657b9b86970e3db74561c237,,0,0,0,0.00022177,0.076767903,494.66,,,Approve
0xf28b3aa6f6b11b76260b3adbf66b3927dd1bd5a5cc6788ab1f4131f01ff51b7b,14400784,1642291289,1/16/2022 0:01,0x38a790d5886e18d9f48092bdade9830b96ce88d4,0xb9b09264779733b8657b9b86970e3db74561c237,,0,0,0,0.00022177,0.076767903,498.67,,,Approve
0x425e25368aebc61fe469f3696e6751672e147831c3b29d85ac6b43d842d5bc44,14410008,1642318964,1/16/2022 7:42,0xc267748b2be047fa54883963567b114446d12408,0xb9b09264779733b8657b9b86970e3db74561c237,,0,0,0,0.00022177,0.076767903,498.67,,,Approve
0x5b7851620617ee230057b315a3cfb03ec8557925b0c3c0e98a488b8e3066fc7f,14420638,1642351022,1/16/2022 16:37,0xec4317dd6d90c83777d809a69eb5079352fe76b3,0xb9b09264779733b8657b9b86970e3db74561c237,,0,0,0,0.00022177,0.076767903,498.67,,,Approve
0xfbea6c8e2ada6d4709629fac837c45e6c179caec3de4db6113729e273dd99183,14423657,1642360141,1/16/2022 19:09,0xc0fd0b3900198dbebd1a2bac9454a82d91093395,0xb9b09264779733b8657b9b86970e3db74561c237,,0,0,0,0.00022177,0.076767903,498.67,,,Approve
0x491d1bb64fb11ab9c3ca5a8536a6d3abc26c810f721b19a2c1aea7a8a988e047,14424271,1642361983,1/16/2022 19:39,0xb518c2bd2514ba42d0d77d37c3b7436552b8397d,0xb9b09264779733b8657b9b86970e3db74561c237,,0,0,0,0.00022177,0.076767903,498.67,,,Approve
0x048e3f7ee01292803a7cd1d732c8743d221e7f2486a06eef0318187d0d53b31e,14424501,1642362673,1/16/2022 19:51,0xcfb4950ba834f122b732a05c7b654f70313ce2b3,0xb9b09264779733b8657b9b86970e3db74561c237,,0,0,0,0.00022177,0.076767903,498.67,,,Approve
0x2cf4caa8b90db727486dd0c8e69af3f7af13ecba348d597daf1fcad760d0db41,14424958,1642364044,1/16/2022 20:14,0x466338df61873dab555b068b6a42f45b0ebb7a2c,0xb9b09264779733b8657b9b86970e3db74561c237,,0,0,0,0.00022177,0.076767903,498.67,,,Approve
0x67534fb301fe2bd14497b0101719adbc126245e2b0d1e6912d612b24415a651b,14425280,1642365010,1/16/2022 20:30,0xe7fcbb38db770c7d8043170337dc2b9fc62627ee,0xb9b09264779733b8657b9b86970e3db74561c237,,0,0,0,0.00022177,0.076767903,498.67,,,Approve
0xf694960435c9d96c5c194780829cb85fca7d2af5283cd8b9ea5a447321661865,14425334,1642365172,1/16/2022 20:32,0xed618cff31605a73c2c3d261437c907f2957079b,0xb9b09264779733b8657b9b86970e3db74561c237,,0,0,0,0.00022177,0.076767903,498.67,,,Approve
0x514e9af31e6e0df282dee9375eb190eb0e5438622d2f01f4aafe67ac181a1fbd,14425782,1642366516,1/16/2022 20:55,0xce748f49b1acee9d038c12a4cd43053b5d476d95,0xb9b09264779733b8657b9b86970e3db74561c237,,0,0,0,0.00022177,0.076767903,498.67,,,Approve
0x85e6daac29d710cbebf97fc6ee65145170329cd3e2219800dd3a19b4faae0fa4,14426033,1642367269,1/16/2022 21:07,0x93f4402dd1b83e8a5abca5e93e6deb1885fee29d,0xb9b09264779733b8657b9b86970e3db74561c237,,0,0,0,0.00022177,0.076767903,498.67,,,Approve
0xcb3603bc6d19ae9f21a8f8c446e89ab5b85f340a9e1dbad149ca75613d9044b4,14426126,1642367548,1/16/2022 21:12,0x873dca1c6406f141e8e76024e383d2d5e895c533,0xb9b09264779733b8657b9b86970e3db74561c237,,0,0,0,0.00022177,0.076767903,498.67,,,Approve
0x6cb73e053d2c8538b39e2e2d47c7d73d8e22b997143d5c9a4a677a75225a245c,14426957,1642370041,1/16/2022 21:54,0x363e44430cbe6248e229843c6bae948f084c0a88,0xb9b09264779733b8657b9b86970e3db74561c237,,0,0,0,0.00022177,0.076767903,498.67,,,Approve
0x803a561d599ddc2cd6d965fd227ad7b855d71ec8d7b486fc244607a8c16c9c1e,14434038,1642391456,1/17/2022 3:50,0xbb437615654b3d1cd5d7a2eb5c46dbb0e9216321,0xb9b09264779733b8657b9b86970e3db74561c237,,0,0,0,0.00022177,0.076767903,475.45,,,Approve
0xfdd645b2942ab0743ff9b00ec0394385b13baebe9a89b6210f0167de1c703a64,14436507,1642398873,1/17/2022 5:54,0x325e15693287dcc6218afeac5ef5bf08036810ca,0xb9b09264779733b8657b9b86970e3db74561c237,,0,0,0,0.00022177,0.076767903,475.45,,,Approve
0x417bcba10e7ec741f3ad1271629d70fb60368c028dd658c4587518c7e950e3e8,14436535,1642398958,1/17/2022 5:55,0x0fabd63492ea9d421063ea827bcc753bc69e6540,0xb9b09264779733b8657b9b86970e3db74561c237,,0,0,0,0.00022177,0.076767903,475.45,,,Approve
0x6cf1003def454a76f512d3327c9a42f3f46c6e8811065ca7dcf0c49faa67f72e,14438629,1642405353,1/17/2022 7:42,0xe12adfa424ed93b9366ff8c14aab3800d801b9d9,0xb9b09264779733b8657b9b86970e3db74561c237,,0,0,0,0.00022177,0.076767903,475.45,,,Approve
0x0d3372d0abfee39a8e1a18ed35bea56f6c7a127ed4667eae74a1a998722f22fb,14439536,1642408076,1/17/2022 8:27,0x222368ac25193b5e9ac300332be849dfea8f03dc,0xb9b09264779733b8657b9b86970e3db74561c237,,0,0,0,0.00022177,0.076767903,475.45,,,Approve
0xbe4650ca89272377f15839d816eaff599e9131a32a3282f6bf2da9a4faccb7b5,14444522,1642423167,1/17/2022 12:39,0x43908eccdde1dd6aac91890471876ab83a4f8245,0xb9b09264779733b8657b9b86970e3db74561c237,,0,0,0,0.00022177,0.076767903,475.45,,,Approve
0x583893eec4d52e7084cd7913912ca7b963aaa9bb5995da5315d5e00e8f9a4be5,14446202,1642428220,1/17/2022 14:03,0x47f27691bbe85d1b5f3c33d7195927cad29cca32,0xb9b09264779733b8657b9b86970e3db74561c237,,0,0,0,0.00022177,0.076767903,475.45,,,Approve
0xc0c7391a8fdeaeab221dbaacd4636f69087a31be3ba26087794be08a309ccdfe,14448859,1642436473,1/17/2022 16:21,0xfd7519d92e81dd7e7b359217e28745bcb4966c4e,0xb9b09264779733b8657b9b86970e3db74561c237,,0,0,0,0.00022177,0.076767903,475.45,,,Approve
0xeecb7c96deb4599440c4e9106df19c2f174fd8214827425051be3e29e189bcc0,14449262,1642437708,1/17/2022 16:41,0xef593c000c98b9cb5bc22d3ad722e4eef817da7c,0xb9b09264779733b8657b9b86970e3db74561c237,,0,0,0,0.00022177,0.076767903,475.45,,,Approve
0xf392462e6028d4ab6f6e944c6311d3a51b2eec24d215ac926f96b025f305a7ee,14449795,1642439332,1/17/2022 17:08,0xd1bf2e5d96b2e6717ce36693ab81614ba155b37d,0xb9b09264779733b8657b9b86970e3db74561c237,,0,0,0,0.00022177,0.076767903,475.45,,,Approve
0xeda809f76200c4ed9203f8325f613e0f034a9d58c88f5345d4035b4b33ca39ec,14451348,1642444012,1/17/2022 18:26,0xbd557bf9ae1b532704e1192ba128aadb36c1fbe4,0xb9b09264779733b8657b9b86970e3db74561c237,,0,0,0,0.00022177,0.076767903,475.45,,,Approve
0x45a8d9c1c179c4adbcbf706c9854d2fc0cbdc20f8eac73574bded3c2fd592355,14451944,1642445800,1/17/2022 18:56,0x552672befa178bb28d9d0f0161079a0a7dac939e,0xb9b09264779733b8657b9b86970e3db74561c237,,0,0,0,0.00022177,0.076767903,475.45,,,Approve
0xe22bbb8ed62aaadd1f03ef912f111170d097e362e8195bfa8c0373c4c0070109,14453125,1642449353,1/17/2022 19:55,0x6f89712eb44df51642b30a289ec64435762bc871,0xb9b09264779733b8657b9b86970e3db74561c237,,0,0,0,0.00022177,0.076767903,475.45,,,Approve
0xf453f5b2585ed4471f6a5ebb4bbdef7e6f32d96076c83a52aa3e1674b4505a68,14465431,1642486631,1/18/2022 6:17,0xfb6da767c9c0bc533c9dbad31b0c97422ad234c1,0xb9b09264779733b8657b9b86970e3db74561c237,,0,0,0,0.00022177,0.076767903,471.43,,,Approve
0x91e4b6b1aac7fa7694a6f69f3056563e69ef4f8a06da0073a1a2fd9b1ac319c1,14466589,1642490127,1/18/2022 7:15,0xecdc1b6801732c1f0f672898947d329562cace45,0xb9b09264779733b8657b9b86970e3db74561c237,,0,0,0,0.00022177,0.076767903,471.43,,,Approve
0xbe9a48999b59b6dc92dd7137411d65f744eeaf146b64011f1d4aaee21226afb7,14466935,1642491169,1/18/2022 7:32,0xfecaf0d5551a0a9fcc58d2d30aeaf6f7ea965609,0xb9b09264779733b8657b9b86970e3db74561c237,,0,0,0,0.00022177,0.076767903,471.43,,,Approve
0x5f76e6ff10ae272e9e7ebd070d32807cd08bde9ee2fb6bf7b11f70ea23b816f6,14488513,1642556878,1/19/2022 1:47,0xab3ee4425673e4903eb4f527a47e239f01de242e,0xb9b09264779733b8657b9b86970e3db74561c237,,0,0,0,7.67705E-05,0.026574876,462.11,,,Approve
0x7c3c968eaea00317369500b28e9dacc30db864a81860fab7257c5ea51ef84ca2,14495798,1642578825,1/19/2022 7:53,0x22216a348647a297089970dfad28064babf01495,0xb9b09264779733b8657b9b86970e3db74561c237,,0,0,0,0.00066531,0.23030371,462.11,,,Approve
0xad3ab1cc54db5f51a8288a3d596c79beb631f273a56da94bb44f37a358feb361,14746048,1643331571,1/28/2022 0:59,0x363e44430cbe6248e229843c6bae948f084c0a88,0xb9b09264779733b8657b9b86970e3db74561c237,,0,0,0,0.000072425,0.025070638,386.13,,,Approve
0x58a7f5e038d12ba39a1576ed1493366a8af0da62cb5c126a5ef024d5a28795c0,15095206,1644380304,2/9/2022 4:18,0x8258bd968bb4aa08710a8a218a1d6eb907bb1363,0xb9b09264779733b8657b9b86970e3db74561c237,,0,0,0,0.000072425,0.025070638,423.24,,,Approve
