"Txhash","Blockno","UnixTimestamp","DateTime","From","To","ContractAddress","Value_IN(BNB)","Value_OUT(BNB)","CurrentValue @ $364.84/BNB","TxnFee(BNB)","TxnFee(USD)","Historical $Price/BNB","Status","ErrCode","Method"
"0xb1fbe1ab4e138def88f4c563df31bbaf3952631934e3a53bf34e8c534b4f0b18","14283287","1641937931","2022-01-11 21:52:11","0x817dfe4072afd8e0cf4f6ae082daaaf4143dd7a4","0xef5be81a2b5441ff817dc3c15fef0950dd88b9bd","","0","0","0","0.00022177","0.0809105668","463.38","","","Approve",""
"0xfe9a8b56aecacef443da32a432fcefb85bc2e801ba37cd3c238190e51df32d68","14283348","1641938114","2022-01-11 21:55:14","0x87f39942fff768b99d648efb8800a3502204fff2","0xef5be81a2b5441ff817dc3c15fef0950dd88b9bd","","0","0","0","0.00022177","0.0809105668","463.38","","","Approve",""
"0xb436d44af5362535ec2affa6834fdd64ee89ad3c04c0702358a65379513aeffe","14283376","1641938198","2022-01-11 21:56:38","0x2a479056fac97b62806cc740b11774e6598b1649","0xef5be81a2b5441ff817dc3c15fef0950dd88b9bd","","0","0","0","0.00022177","0.0809105668","463.38","","","Approve",""
"0x1f20f45cf205cf1ca94998007bc76a1b32b789eb44942a2a0105864bf57a0a34","14283574","1641938792","2022-01-11 22:06:32","0x988ed2166fd1ae04d4cfb6040a4c64fde59df2fa","0xef5be81a2b5441ff817dc3c15fef0950dd88b9bd","","0","0","0","0.00022177","0.0809105668","463.38","","","Approve",""
"0xdd7ac3566defdea7b7e6cdd04f2c792c2e698d1d5ed43704d45e095fefa09772","14285738","1641945299","2022-01-11 23:54:59","0x3a9520541aac9069b469c005dff93bda1824415d","0xef5be81a2b5441ff817dc3c15fef0950dd88b9bd","","0","0","0","0.00022177","0.0809105668","463.38","","","Approve",""
"0x35a67c25804c81ead9088cfca94b9981e9a2cebe3ae7ba6242c91781c9f1aa11","14295628","1641974979","2022-01-12 08:09:39","0x1e21bb5e3013a8fc3e805271463f9044b05b6221","0xef5be81a2b5441ff817dc3c15fef0950dd88b9bd","","0","0","0","0.00022177","0.0809105668","487.51","","","Approve",""
"0x86d5e2ee9bc4d86ed63aaa364fbc0f74bbb7ad6450a103a695f2fa70912ce2ae","14298656","1641984159","2022-01-12 10:42:39","0xda10686ac9e4abae44521120c7eb09c37105f35f","0xef5be81a2b5441ff817dc3c15fef0950dd88b9bd","","0","0","0","0.00022177","0.0809105668","487.51","","","Approve",""
"0xe16bf305bff26b0325f1c26aa4981a2a5235eb78aab4343a52992c8bab19b2b6","14299374","1641986313","2022-01-12 11:18:33","0x6cc71221b844b877e0588bb2744840db72aad681","0xef5be81a2b5441ff817dc3c15fef0950dd88b9bd","","0","0","0","0.00022177","0.0809105668","487.51","","","Approve",""
"0x550c562bb542fc280a45cab667dc84adb310d12274661240e72d47e53f906e49","14299833","1641987713","2022-01-12 11:41:53","0x07052667685fa195d23cf22b26c10f60d9d3ab97","0xef5be81a2b5441ff817dc3c15fef0950dd88b9bd","","0","0","0","0.00022177","0.0809105668","487.51","","","Approve",""
"0x12e4601b2d93b31b7930a516bdfd463f2fd211d690bcd5d7fc2041f859a5f53a","14299842","1641987740","2022-01-12 11:42:20","0x07052667685fa195d23cf22b26c10f60d9d3ab97","0xef5be81a2b5441ff817dc3c15fef0950dd88b9bd","","0","0","0","0.00012577","0.0458859268","487.51","","","Approve",""
"0x81b874cf3cc25b9a1b0a33d21e05d72bdb239721e89b32d6c2f9252b7fbbfeec","14332709","1642086438","2022-01-13 15:07:18","0x52de77d5443fe553cd0fa24b4a0f0d42ab9fd3a8","0xef5be81a2b5441ff817dc3c15fef0950dd88b9bd","","0","0","0","0.00022177","0.0809105668","475.57","","","Approve",""
"0x363b826026130e54ced71d43ba3321fbead296fece9620a5c17416e385fcaf14","14333050","1642087461","2022-01-13 15:24:21","0x52de77d5443fe553cd0fa24b4a0f0d42ab9fd3a8","0xef5be81a2b5441ff817dc3c15fef0950dd88b9bd","","0","0","0","0.00022177","0.0809105668","475.57","","","Approve",""
"0x6c1dfccaad07a9e7c0aec94617f39eb901fae83c861a6256c22e9e5b63c524b5","14389796","1642258089","2022-01-15 14:48:09","0xa573c4acc725b14477a8a1662c0547452535b1cf","0xef5be81a2b5441ff817dc3c15fef0950dd88b9bd","","0","0","0","0.00022177","0.0809105668","494.66","","","Approve",""
"0x625720f9d243e2865311d05f33f09e48267dac0b68bcda44d93af39d7a77e6e5","14392049","1642264849","2022-01-15 16:40:49","0xffdb8a480fe5eaeaa6716df7975e8cabb763ef61","0xef5be81a2b5441ff817dc3c15fef0950dd88b9bd","","0","0","0","0.00022177","0.0809105668","494.66","","","Approve",""
"0xe5e0d5593ca49f89dc2f24287c36cfea25c88d995f8a37006b793b4cf81f7b5a","14410657","1642320911","2022-01-16 08:15:11","0xff271c4ccb4f7dddad2f4f9452f1b1c2a9fe9a7c","0xef5be81a2b5441ff817dc3c15fef0950dd88b9bd","","0","0","0","0.00022177","0.0809105668","498.67","","","Approve",""
"0x28ae27cafa8e8359e1f97aa3f0c63d53a53f70683f54f20370c70aa9122aef42","14414453","1642332320","2022-01-16 11:25:20","0x476658cfc09722ed79177f685d1f06176f5e54aa","0xef5be81a2b5441ff817dc3c15fef0950dd88b9bd","","0","0","0","0.00022177","0.0809105668","498.67","","","Approve",""
"0x0c1b2498cd78ebbb49d0955ba8c91bee2f95f6e045e1ad6f48f8eeac172604ed","14421599","1642353931","2022-01-16 17:25:31","0x840344f4a41be3da9b1668b7a7f2754ac70a8fd1","0xef5be81a2b5441ff817dc3c15fef0950dd88b9bd","","0","0","0","0.00022177","0.0809105668","498.67","","","Approve",""
"0xa9d032457070133479f68978fc2b10c370ba2b64ac0e391db66ef968419f46a5","14422459","1642356547","2022-01-16 18:09:07","0xb79252042f6639d02025ec881d52434cbe8cfb70","0xef5be81a2b5441ff817dc3c15fef0950dd88b9bd","","0","0","0","0.00022177","0.0809105668","498.67","","","Approve",""
"0xbca8e75e8c2832291924d7f3bdcdabe0812cc81f2da0bc8e8af4fcf5375f60a1","14428991","1642376143","2022-01-16 23:35:43","0xd5bdca2d680fd5e26e394a44b5cec9ac2b356169","0xef5be81a2b5441ff817dc3c15fef0950dd88b9bd","","0","0","0","0.00022177","0.0809105668","498.67","","","Approve",""
"0x2d13e7933a7c02a2fd4b12c3c0af9c4d0b814fa5043985db3697830af0d8da1d","14431404","1642383427","2022-01-17 01:37:07","0x3ea97f8c9b4770d7ebd80fc59d5c4b4e8f235284","0xef5be81a2b5441ff817dc3c15fef0950dd88b9bd","","0","0","0","0.00022177","0.0809105668","475.45","","","Approve",""
"0x4e3674b60f60bc094429ee454c9aa9c1286e77726d9d5f3bbdb6c78692c4eec5","14442582","1642417227","2022-01-17 11:00:27","0x3442c42fa90cee46386d19ab83006e6938a069aa","0xef5be81a2b5441ff817dc3c15fef0950dd88b9bd","","0","0","0","0.00022177","0.0809105668","475.45","","","Approve",""
"0x72434ce63d8009c93f9233063b2731df537038a5c1d642b6680f481dadcd4108","14447214","1642431276","2022-01-17 14:54:36","0x6a0322ff9d0fc4499161baf993a9a320c0e216e7","0xef5be81a2b5441ff817dc3c15fef0950dd88b9bd","","0","0","0","0.00022177","0.0809105668","475.45","","","Approve",""
"0x7fc2648750587126559f19882dcb25c11f6aafe587168a84242a9791de42d618","14449099","1642437219","2022-01-17 16:33:39","0xda54ec322063bf16e1223ec7b82d3338a7cb73c2","0xef5be81a2b5441ff817dc3c15fef0950dd88b9bd","","0","0","0","0.00022177","0.0809105668","475.45","","","Approve",""
"0xe8f996e6489c8962de586b84355469358d36cb458587157e91bb9ff6b4e57df3","14451344","1642444000","2022-01-17 18:26:40","0xdd25f83c99b7b80a896528062ffe2e2513fa01a1","0xef5be81a2b5441ff817dc3c15fef0950dd88b9bd","","0","0","0","0.00022177","0.0809105668","475.45","","","Approve",""
"0x335994c001dd310e2b61d67bc8811e2ead7c2974e7a4d3122792b1a7a5a16447","14451488","1642444432","2022-01-17 18:33:52","0xa1b102e2f59c8e332be8f9181d73df5e6fcb0f22","0xef5be81a2b5441ff817dc3c15fef0950dd88b9bd","","0","0","0","0.00022177","0.0809105668","475.45","","","Approve",""
"0xb975fb83ad42e13f19486443669c31af1822164f362d2f39b495605a9a8bd140","14453786","1642451404","2022-01-17 20:30:04","0x8649529178120ec8f1223e1a217b97c28b02776c","0xef5be81a2b5441ff817dc3c15fef0950dd88b9bd","","0","0","0","0.00022177","0.0809105668","475.45","","","Approve",""
"0x0bed9991e7b33c245f5b43972e5854d2fe1dd38183fe18a26f56d17505182c6f","14473599","1642511693","2022-01-18 13:14:53","0x3ea97f8c9b4770d7ebd80fc59d5c4b4e8f235284","0xef5be81a2b5441ff817dc3c15fef0950dd88b9bd","","0","0","0","0.00022177","0.0809105668","471.43","","","Approve",""
"0x6f9ec1a625b59de3e0c85dc3e168b20c495fc7472b02ce690cd0eca7a4eb6f10","14473744","1642512128","2022-01-18 13:22:08","0xa838809f61c9244d0842450244e9beb648c97100","0xef5be81a2b5441ff817dc3c15fef0950dd88b9bd","","0","0","0","0.000243665","0.0888987386","471.43","","","Skim",""
"0x68e744184e0cfca855e5f34b6c9c287c3741da07074fcd331b185a60d74c6876","14473768","1642512200","2022-01-18 13:23:20","0xa838809f61c9244d0842450244e9beb648c97100","0xef5be81a2b5441ff817dc3c15fef0950dd88b9bd","","0","0","0","0.000243665","0.0888987386","471.43","","","Skim",""
"0x7cffe18d5225beb0c196f85b1b87af59ea12b3bd7d021faed25085339126f0b8","14490109","1642561667","2022-01-19 03:07:47","0xa573c4acc725b14477a8a1662c0547452535b1cf","0xef5be81a2b5441ff817dc3c15fef0950dd88b9bd","","0","0","0","0.00008691","0.0317082444","462.11","","","Approve",""
"0xeb55beb9563a2ddac7063700f4bc8456b87065a37cc5c1c8bc363e94a69698c9","14493844","1642572963","2022-01-19 06:16:03","0x22216a348647a297089970dfad28064babf01495","0xef5be81a2b5441ff817dc3c15fef0950dd88b9bd","","0","0","0","0.00022177","0.0809105668","462.11","","","Approve",""
"0x8937aeea7787dc1f2038a38d6ee54de83c8d6b7ea4648ca79b6271563ff86554","15464403","1645490701","2022-02-22 00:45:01","0xffdb8a480fe5eaeaa6716df7975e8cabb763ef61","0xef5be81a2b5441ff817dc3c15fef0950dd88b9bd","","0","0","0","0.000075322","0.02748047848","374.49","","","Approve",""
