Txhash,Blockno,UnixTimestamp,DateTime,From,To,ContractAddress,Value_IN(BNB),Value_OUT(BNB),CurrentValue @ $348.19/BNB,TxnFee(BNB),TxnFee(USD),Historical $Price/BNB,Status,ErrCode,Method
0x4f34c03b234206e13b76ddbc5eca5d5e93164fbe2b08defb50d2d3685034d444,14283093,1641937349,1/11/2022 21:42,0x7567dee7d5199f03e1490f43e8d8c68bce58fff3,0xb5d85ca38a9cbe63156a02650884d92a6e736ddc,,0,0,0,0.00022177,0.077218096,463.38,,,Approve
0x659941387b19698d157dc6ce4a5f954bfa95f69bc3782370bc9d741ae58faeea,14283098,1641937364,1/11/2022 21:42,0x45163aa7eb561321e104b7305a299dcf7de107db,0xb5d85ca38a9cbe63156a02650884d92a6e736ddc,,0,0,0,0.00022177,0.077218096,463.38,,,Approve
0x8c890e0b02eecb9c4ccd707f5694cc8fdf9583cb7da49d5e21412654a6356586,14283177,1641937601,1/11/2022 21:46,0xa395a37cc73ce936cd1c84d7ad31c699bfd59475,0xb5d85ca38a9cbe63156a02650884d92a6e736ddc,,0,0,0,0.00022177,0.077218096,463.38,,,Approve
0x6d8d541483d54525e8e960e5e6a198788802ab98457cff771de3d422e44b0dbd,14283185,1641937625,1/11/2022 21:47,0xd17e6f19e4dca06ccd8601003d61a018a2904cd7,0xb5d85ca38a9cbe63156a02650884d92a6e736ddc,,0,0,0,0.00022177,0.077218096,463.38,,,Approve
0x04c61a6f397ac999e3a48eb36d66c455b36f1065ae111baf8ca1d409cd6adaad,14283233,1641937769,1/11/2022 21:49,0x2dbc3e228b85d84aea9004b38e95fd5f9df71dc0,0xb5d85ca38a9cbe63156a02650884d92a6e736ddc,,0,0,0,0.00022177,0.077218096,463.38,,,Approve
0xc23e0efad974cbae7bcc0c1a8852b8d897467e53157feb2da67b945608bc33e6,14283236,1641937778,1/11/2022 21:49,0xb2a22ff1de481366776c35b987d7e0861fa3bb31,0xb5d85ca38a9cbe63156a02650884d92a6e736ddc,,0,0,0,0.00022177,0.077218096,463.38,,,Approve
0xfbe9e540c26520d6f69a6c3f5724fcf6f9fbd682f357e5c67e7e27385ac88698,14283264,1641937862,1/11/2022 21:51,0x1bc5ed7a3d5770cc2d420f22cf3b4dd10d4ddf1e,0xb5d85ca38a9cbe63156a02650884d92a6e736ddc,,0,0,0,0.00022177,0.077218096,463.38,,,Approve
0x48f6771f3aecb59ace781eef60c1f6f43afa5377f7a65bfd43edf11fb11c5ca8,14283295,1641937955,1/11/2022 21:52,0x16177b03bd19a28d7e5bcf53ad7e510074c88d24,0xb5d85ca38a9cbe63156a02650884d92a6e736ddc,,0,0,0,0.00022177,0.077218096,463.38,,,Approve
0x2335c26a50fe529c4ec59db4ed336ca0c733e024bf60060618421e31b63c586a,14283311,1641938003,1/11/2022 21:53,0x2a479056fac97b62806cc740b11774e6598b1649,0xb5d85ca38a9cbe63156a02650884d92a6e736ddc,,0,0,0,0.00022177,0.077218096,463.38,,,Approve
0x5e19477e2c4920209917d746ae1aea55eab098beb3b08040d2469a86e21df812,14283316,1641938018,1/11/2022 21:53,0x2a479056fac97b62806cc740b11774e6598b1649,0xb5d85ca38a9cbe63156a02650884d92a6e736ddc,,0,0,0,0.00012577,0.043791856,463.38,,,Approve
0xde2c44815a34358c25b65458c6b30ad186adadafbbcb8609d0083028129a1c79,14283317,1641938021,1/11/2022 21:53,0xcf62026311482699df27db798ccd92f0e86b1c46,0xb5d85ca38a9cbe63156a02650884d92a6e736ddc,,0,0,0,0.00022177,0.077218096,463.38,,,Approve
0xd70c7bb2ff2cd81cbed07618d094fd150caca454f6722ab1b858a7c72eb81746,14283319,1641938027,1/11/2022 21:53,0x9f237e87e6ffaf390fbc7db4ed7fa13af58ef4b2,0xb5d85ca38a9cbe63156a02650884d92a6e736ddc,,0,0,0,0.00022177,0.077218096,463.38,,,Approve
0x3a3ab2ee7a10b8e4319da16729d68401cc853c07eb9af0b74b0179d2a8a0088b,14283321,1641938033,1/11/2022 21:53,0xe98dc2f5ad89fbe4b491c5e9cc78e2dbed516b78,0xb5d85ca38a9cbe63156a02650884d92a6e736ddc,,0,0,0,0.00022177,0.077218096,463.38,,,Approve
0xdaa30847e7ba4cfc90094883922957cb23a592c7a726f59d106ed578ba402f4b,14283335,1641938075,1/11/2022 21:54,0x43e963487cd3599e8f58cfe9e34b2eed59451e97,0xb5d85ca38a9cbe63156a02650884d92a6e736ddc,,0,0,0,0.00022177,0.077218096,463.38,,,Approve
0x4f69bb918eefe41871e82e566728f3b335abea8b4fa2ec8ecfce0537dbf815b7,14283353,1641938129,1/11/2022 21:55,0x0813b13f440b05a753d532a498eacfd34422e42b,0xb5d85ca38a9cbe63156a02650884d92a6e736ddc,,0,0,0,0.00022177,0.077218096,463.38,,,Approve
0x7b94abd1733d6651a51090c62def2730b0f182968247f7bfd839f4967af62ebc,14283358,1641938144,1/11/2022 21:55,0x87f39942fff768b99d648efb8800a3502204fff2,0xb5d85ca38a9cbe63156a02650884d92a6e736ddc,,0,0,0,0.00022177,0.077218096,463.38,,,Approve
0xecfd6e159cc8d1ea0ccce50064df06dcc067956ab77227203d5e48f56f0db8fd,14283366,1641938168,1/11/2022 21:56,0xefcc5406d1354d668a25a418629cd83c2d185aea,0xb5d85ca38a9cbe63156a02650884d92a6e736ddc,,0,0,0,0.00022177,0.077218096,463.38,,,Approve
0x2bde10a05cc3e3da90e8f8c095a39f126b0b05eb0341237b5059c756caed20e7,14283385,1641938225,1/11/2022 21:57,0x3e622a7b1d22fb9079e1d9133515bfed8b93f107,0xb5d85ca38a9cbe63156a02650884d92a6e736ddc,,0,0,0,0.00022177,0.077218096,463.38,,,Approve
0x432a874c176d5f6f7a820508ab6841d3630888d07f10293fc53980543efc6f4a,14283406,1641938288,1/11/2022 21:58,0x87ae174c210e0100acd43d04d9c23c7b5d50d417,0xb5d85ca38a9cbe63156a02650884d92a6e736ddc,,0,0,0,0.00022177,0.077218096,463.38,,,Approve
0xb08a072ccfb424acf31a79358c9d7102d527ee512c29c06f8b6c1cd30e53fe46,14283428,1641938354,1/11/2022 21:59,0xd3b883e92cf00b7d6b47bf86273207ef9a234be2,0xb5d85ca38a9cbe63156a02650884d92a6e736ddc,,0,0,0,0.00022177,0.077218096,463.38,,,Approve
0x3fa0304da88912fa17bc4214fb8c6e507feb8dd9d38671549d4e9dd303ae88a9,14283441,1641938393,1/11/2022 21:59,0xff271c4ccb4f7dddad2f4f9452f1b1c2a9fe9a7c,0xb5d85ca38a9cbe63156a02650884d92a6e736ddc,,0,0,0,0.00022177,0.077218096,463.38,,,Approve
0xfba61cb987e7caa0229f4807267e1b66e010f45d973e50eae5772e4daefa86ff,14283445,1641938405,1/11/2022 22:00,0x0ce390ec4533d9afbb7280037d61b8c8dcaa6696,0xb5d85ca38a9cbe63156a02650884d92a6e736ddc,,0,0,0,0.00022177,0.077218096,463.38,,,Approve
0x2f25073b3d9e3cb8163760fbbefc77ef6251cdf5800c710eef635850465a57ec,14283451,1641938423,1/11/2022 22:00,0x73187fdffc76559cbebe05d6258af35d64b67743,0xb5d85ca38a9cbe63156a02650884d92a6e736ddc,,0,0,0,0.00022177,0.077218096,463.38,,,Approve
0x782a245bbf927079b9dba5aba46259e81e4db058c905343080d177be38ba5bf1,14283471,1641938483,1/11/2022 22:01,0x3b47d968242d2730bbfd98b3b8a46500de97877e,0xb5d85ca38a9cbe63156a02650884d92a6e736ddc,,0,0,0,0.00022177,0.077218096,463.38,,,Approve
0xdba101e761b49dcf0e4d8cfef18cd085949f0d9c319890f3309b8ad860dc2bf0,14283507,1641938591,1/11/2022 22:03,0xfecaf0d5551a0a9fcc58d2d30aeaf6f7ea965609,0xb5d85ca38a9cbe63156a02650884d92a6e736ddc,,0,0,0,0.00022177,0.077218096,463.38,,,Approve
0x1e9cc5320496a191671dfeebdb73e939ed41695007884441cd8e55a9a8e4c0ee,14283509,1641938597,1/11/2022 22:03,0x255b1eb82d0f85386b0ae930a14c2d579a2bdb1a,0xb5d85ca38a9cbe63156a02650884d92a6e736ddc,,0,0,0,0.00022177,0.077218096,463.38,,,Approve
0x29bff06907a60e7bde5b9637fd587503bd9df00ccbfc58562f33f92b43bc526e,14283548,1641938714,1/11/2022 22:05,0x9e20f1e07b7ec84df782dfdf54dd2da144047725,0xb5d85ca38a9cbe63156a02650884d92a6e736ddc,,0,0,0,0.00022177,0.077218096,463.38,,,Approve
0x80d5c5cf82278201f0636e4705103780e61c3111d5af006e4896766a3db945ba,14283549,1641938717,1/11/2022 22:05,0x0dc5d430c3823b390c6c840df8f6d7c723f1d126,0xb5d85ca38a9cbe63156a02650884d92a6e736ddc,,0,0,0,0.00022177,0.077218096,463.38,,,Approve
0xaa8f4fa3446504a9bec4fd238e35533a017bcc10500f05eb9dc2a7d024c695cc,14283573,1641938789,1/11/2022 22:06,0x6c428b4a5f1478278399481ac9f1d4f0fa0d7404,0xb5d85ca38a9cbe63156a02650884d92a6e736ddc,,0,0,0,0.00022177,0.077218096,463.38,,,Approve
0xf9ac85be62d88c4ccdc450fa39541191f2e136b69b984e78059a07febbe9adbf,14283573,1641938789,1/11/2022 22:06,0x69bc73707a9e91a49dac9847369340e6c8545dae,0xb5d85ca38a9cbe63156a02650884d92a6e736ddc,,0,0,0,0.00022177,0.077218096,463.38,,,Approve
0xdadb599b50c0c284bc031466830d0ca6f405e99dde92aae5b740323486184e0f,14283582,1641938816,1/11/2022 22:06,0xb93b01c000e92c65fe7f31668c828830f11bac57,0xb5d85ca38a9cbe63156a02650884d92a6e736ddc,,0,0,0,0.00022177,0.077218096,463.38,,,Approve
0x90784fe7413755750ea71adac0c9f69e1a204dca196d398b786fd035c2f52bb7,14283584,1641938822,1/11/2022 22:07,0x49ae3f1423d5ac1d3846921ecc93f4f78161cd99,0xb5d85ca38a9cbe63156a02650884d92a6e736ddc,,0,0,0,0.00022177,0.077218096,463.38,,,Approve
0x766812644f45215d3b9ec420beba7679e2a97637608a7fa221c9a27a3bc87403,14283590,1641938840,1/11/2022 22:07,0x348c7e19fffb69fd9217c7296944e12cf77a996b,0xb5d85ca38a9cbe63156a02650884d92a6e736ddc,,0,0,0,0.00022177,0.077218096,463.38,,,Approve
0x7086543febca598dc1ce6d8c63ba364afde94d580da6690768091f76651821a6,14283623,1641938939,1/11/2022 22:08,0x45c1fc4cfd0e1d7930f6845e84a773b511553584,0xb5d85ca38a9cbe63156a02650884d92a6e736ddc,,0,0,0,0.00022177,0.077218096,463.38,,,Approve
0x0ea458bbd68ec10cd4072cd7e9f51dc2143d76977f395b341218d35aaf258723,14283638,1641938984,1/11/2022 22:09,0xab189f7661c82d546aa06a0c4a04882ac700f0dd,0xb5d85ca38a9cbe63156a02650884d92a6e736ddc,,0,0,0,0.00022177,0.077218096,463.38,,,Approve
0x6fa8e0e42e1870e62c30a92a0e9cf76e8603cfdcb3d7c26d65c3b2d05b7269e5,14283658,1641939044,1/11/2022 22:10,0x9ce6d41f454bd78780abe6f1b99d4ef693db92d4,0xb5d85ca38a9cbe63156a02650884d92a6e736ddc,,0,0,0,0.00022177,0.077218096,463.38,,,Approve
0xe393f0d10369eff5630d674d6cebb3baf59f4d009b2b0e671adafa7e6aea92de,14283663,1641939059,1/11/2022 22:10,0x782bbcdf6c24e62bead05d830f8ccdefb85925fa,0xb5d85ca38a9cbe63156a02650884d92a6e736ddc,,0,0,0,0.00022177,0.077218096,463.38,,,Approve
0xdb7229dd4db8ba9c0aa99a2f89b30b123e411392bddcee41ae4989d7fe15fa04,14283668,1641939074,1/11/2022 22:11,0xbc097bcd67adf0f2068f7120eb202e18602503dc,0xb5d85ca38a9cbe63156a02650884d92a6e736ddc,,0,0,0,0.00022177,0.077218096,463.38,,,Approve
0x82d1858832d323ec537f0c6462679524f0c28edc11abd312a1b9c8a8f0a28f57,14283669,1641939077,1/11/2022 22:11,0x782bbcdf6c24e62bead05d830f8ccdefb85925fa,0xb5d85ca38a9cbe63156a02650884d92a6e736ddc,,0,0,0,0.00012577,0.043791856,463.38,,,Approve
0xd17c568007d7aa1e05098bfd01ef8b16044b675b13410815bca5de7c1e988b20,14283707,1641939191,1/11/2022 22:13,0x111d68f722f689ecc5a1fd92c3b13d666751bf8b,0xb5d85ca38a9cbe63156a02650884d92a6e736ddc,,0,0,0,0.00022177,0.077218096,463.38,,,Approve
0x0c21cf5aab78733685af02483837565105934bf7b0edd1d288ff52435fcdbdb3,14283772,1641939386,1/11/2022 22:16,0x47340123e0b494d1bb490816b4cac53a3d72d2f8,0xb5d85ca38a9cbe63156a02650884d92a6e736ddc,,0,0,0,0.00022177,0.077218096,463.38,,,Approve
0x88d46991dc774b120c6c3d26e8fc655a428840d6435ddcf893c72f9060186cd3,14283774,1641939392,1/11/2022 22:16,0x4e8910eee1d630029720116eb354a1e0869981a9,0xb5d85ca38a9cbe63156a02650884d92a6e736ddc,,0,0,0,0.00022177,0.077218096,463.38,,,Approve
0x52a68c1163819109289b5ec8c1e2cc4b26ea383d8f36fea805df1506629791a7,14283805,1641939485,1/11/2022 22:18,0x0b8cdf6c8fce44bd4a8049ba5326cf6903824a04,0xb5d85ca38a9cbe63156a02650884d92a6e736ddc,,0,0,0,0.00022177,0.077218096,463.38,,,Approve
0x31a0ac3487e7e1efa32785f971fd3d21877d7a3f20c3e4946f4256b164fb3e80,14283806,1641939488,1/11/2022 22:18,0x73187fdffc76559cbebe05d6258af35d64b67743,0xb5d85ca38a9cbe63156a02650884d92a6e736ddc,,0,0,0,0.000072425,0.025217661,463.38,,,Approve
0x0b125ac9e7f24150a3003cfed238a1d560977354b1581b3786fe63a731fd9f74,14283821,1641939533,1/11/2022 22:18,0x73187fdffc76559cbebe05d6258af35d64b67743,0xb5d85ca38a9cbe63156a02650884d92a6e736ddc,,0,0,0,0.00012385,0.043123332,463.38,,,Approve
0x1334625b125441c7c699aac2d11fe35af48a2481622ad1020bd59c6593212c4b,14283831,1641939563,1/11/2022 22:19,0xf522d0796542e8bcc16e99cd3136b00452bfa1c8,0xb5d85ca38a9cbe63156a02650884d92a6e736ddc,,0,0,0,0.00022177,0.077218096,463.38,,,Approve
0xc3c1c449e3f6db8a7a1911d05fae01eb3e6f53b5f62505cdcc9f0aee3119510e,14283831,1641939563,1/11/2022 22:19,0x73187fdffc76559cbebe05d6258af35d64b67743,0xb5d85ca38a9cbe63156a02650884d92a6e736ddc,,0,0,0,0.00012385,0.043123332,463.38,,,Approve
0xcba6fcfe9e2fd93d4f3229624e22ff81e3f83288f971e13b8bbaee08238cb81d,14283874,1641939692,1/11/2022 22:21,0xa8a85fa9a8947ae617fb9bb27552ca6d1f4d8b09,0xb5d85ca38a9cbe63156a02650884d92a6e736ddc,,0,0,0,0.00022177,0.077218096,463.38,,,Approve
0x1c0b38612727a2ab515f3fe4801b621f4080abf6e6aaac35972728529f27584e,14283875,1641939695,1/11/2022 22:21,0xa1dce03c51b0ac5860cc1176dea560ef75301ab5,0xb5d85ca38a9cbe63156a02650884d92a6e736ddc,,0,0,0,0.00022177,0.077218096,463.38,,,Approve
0x1fec6a2d797490ea4a2a9385c2fa1cfa4407060f0545c1fb4520d9b2e87bad9c,14283891,1641939743,1/11/2022 22:22,0xac4d421512fb2037ddd130bef9a58648052c3abb,0xb5d85ca38a9cbe63156a02650884d92a6e736ddc,,0,0,0,0.00022177,0.077218096,463.38,,,Approve
0x7d3935e1ea63d3a3fa5f8014627d5abbc29767827d88acaacf409316e4dedd65,14283901,1641939773,1/11/2022 22:22,0x900f1e4412ed585ad832b9168847c3281b65a98f,0xb5d85ca38a9cbe63156a02650884d92a6e736ddc,,0,0,0,0.00022177,0.077218096,463.38,,,Approve
0x4e82c97702020418d78c6ba1ffcdd0114688dbcb6c35b6c5bd31248147be3b83,14283903,1641939779,1/11/2022 22:22,0xd3137741763cc0eead8cf7b3bcf9e895b61bfb51,0xb5d85ca38a9cbe63156a02650884d92a6e736ddc,,0,0,0,0.00022177,0.077218096,463.38,,,Approve
0x4f7d6e838b34d20b40fdd110688a613137baf99fc9d0783d30c4b761a83127e1,14283912,1641939806,1/11/2022 22:23,0xbe9751723599e7ec6c64fd550e279f27fbc81e46,0xb5d85ca38a9cbe63156a02650884d92a6e736ddc,,0,0,0,0.00022177,0.077218096,463.38,,,Approve
0x98cc32f68dedff731432f88d1c2198b938f6be12497ea72b02276045bf408226,14283942,1641939896,1/11/2022 22:24,0xea91b4769e94c1e4311f5d35f2ab7dd856d49374,0xb5d85ca38a9cbe63156a02650884d92a6e736ddc,,0,0,0,0.00022177,0.077218096,463.38,,,Approve
0xd02eaaf4fb9218490b86188dadc1e79e98b5f4d6f8e063ad5c227c73d07476ac,14284075,1641940295,1/11/2022 22:31,0x5d8069b10b5cf0ebc169f66a586465b2050a705e,0xb5d85ca38a9cbe63156a02650884d92a6e736ddc,,0,0,0,0.00022177,0.077218096,463.38,,,Approve
0xe2eeea9252e8347535a2538396292560fcd6de78a46f718609c64f674aff86ab,14284080,1641940310,1/11/2022 22:31,0xef09d895d64aae55ad8a3ae1ed0674d7fdcfd839,0xb5d85ca38a9cbe63156a02650884d92a6e736ddc,,0,0,0,0.00022177,0.077218096,463.38,,,Approve
0xec238a1fc9c1f5e4566cd5c219d0b4becf0363f88c11e45d973fc0de02fa4df8,14284095,1641940355,1/11/2022 22:32,0x0c3a24b0ae902f2cedf7077c024bae7c7bf6bea6,0xb5d85ca38a9cbe63156a02650884d92a6e736ddc,,0,0,0,0.00022177,0.077218096,463.38,,,Approve
0xa88ecad98e417fcd71b9be7fda26b602610e7851de5e423abf96ec5a68c3ae88,14284145,1641940505,1/11/2022 22:35,0x0bfcaef9d3eec80ead1e7077ba5d3c10bffa8b53,0xb5d85ca38a9cbe63156a02650884d92a6e736ddc,,0,0,0,0.00022177,0.077218096,463.38,,,Approve
0x6e447c205d1502713c3010f77ad2f27596bf9256f9d29ed1cf63c59195d6b310,14284259,1641940847,1/11/2022 22:40,0xe68d9c96c5a06b91ab5099e3f90ae4da7b8e8ede,0xb5d85ca38a9cbe63156a02650884d92a6e736ddc,,0,0,0,0.00022177,0.077218096,463.38,,,Approve
0xd288d48f44467426c14f79839037079251a17d2a47b7e5347f065073168f6aeb,14284264,1641940862,1/11/2022 22:41,0x20bdaa69554d5f914ee97c4457845329f54c2fd8,0xb5d85ca38a9cbe63156a02650884d92a6e736ddc,,0,0,0,0.00022177,0.077218096,463.38,,,Approve
0x1a4b9ca2e2eb6fb9eced2df5950b44ca842caaf39287d68aaddc8a89c6405842,14284330,1641941060,1/11/2022 22:44,0xcece1cd2418330baadd77febe7926ed7597364ca,0xb5d85ca38a9cbe63156a02650884d92a6e736ddc,,0,0,0,0.00022177,0.077218096,463.38,,,Approve
0xfd6dadf6f99b61442b102a5f14f3a5fa15239d9af2a15a730473090142a1507d,14284386,1641941228,1/11/2022 22:47,0x3d9163975fb9beadd4d3466f89e038eaf2ced7af,0xb5d85ca38a9cbe63156a02650884d92a6e736ddc,,0,0,0,0.00022177,0.077218096,463.38,,,Approve
0xb684e7e50cd632d365ab38f8c609e96de258c0777f09a1e228192a9cdadfd8b6,14284415,1641941315,1/11/2022 22:48,0xfb50b58a32a6eea64c9a5507532013815a586479,0xb5d85ca38a9cbe63156a02650884d92a6e736ddc,,0,0,0,0.00022177,0.077218096,463.38,,,Approve
0xbd1ef2f807dce0b3a88521bfde71c16106564ff937ffadd1b3f1df20fc81173c,14284440,1641941390,1/11/2022 22:49,0xb124708a3949de4dce98c383aa6b775fb0eb059f,0xb5d85ca38a9cbe63156a02650884d92a6e736ddc,,0,0,0,0.00022177,0.077218096,463.38,,,Approve
0x0af627c403e506339084e4b33f55bd39f40b81cc1661e4529da3117bfa1079fd,14284497,1641941561,1/11/2022 22:52,0x2e9ba623b0612fd708d621aaabc67c71e31f7e34,0xb5d85ca38a9cbe63156a02650884d92a6e736ddc,,0,0,0,0.00022177,0.077218096,463.38,,,Approve
0x804ab08e8eb315adb43261a0619b1f351f60470504201eeb3245780eb8112556,14284621,1641941933,1/11/2022 22:58,0x5d38f4f6ab46e047c364ba0c2c7f6e98fb9addf8,0xb5d85ca38a9cbe63156a02650884d92a6e736ddc,,0,0,0,0.00022177,0.077218096,463.38,,,Approve
0xd81eef7e3681c1b58274819028fcf2e40f852644c45ee3fe4e35ef5e75972791,14284726,1641942248,1/11/2022 23:04,0x0878708a658b48734adedbf421c7a630058ba141,0xb5d85ca38a9cbe63156a02650884d92a6e736ddc,,0,0,0,0.00022177,0.077218096,463.38,,,Approve
0xcae52a9c7d526a7e71d3bf825cc7e040b9050ffb823b092788b199449c53e1ee,14284737,1641942281,1/11/2022 23:04,0xb4bb04faa940673da20b8c858f3726ac2174f164,0xb5d85ca38a9cbe63156a02650884d92a6e736ddc,,0,0,0,0.00022177,0.077218096,463.38,,,Approve
0xd736e159b01eed8743f8b0dc856ce524dedcc3fb036b1e8f343cf8c56663d943,14284815,1641942517,1/11/2022 23:08,0xbbda3cb33797f9cde75c2ab14ff2761e40a9845e,0xb5d85ca38a9cbe63156a02650884d92a6e736ddc,,0,0,0,0.00022177,0.077218096,463.38,,,Approve
0x68872bf6f024ab4e5ab1b593d168395d6cd17b3e0fb5878ffc7688d7d73a0023,14284850,1641942634,1/11/2022 23:10,0xecea5a323b07ad169afc44e3566c02105b1b9c17,0xb5d85ca38a9cbe63156a02650884d92a6e736ddc,,0,0,0,0.00022177,0.077218096,463.38,,,Approve
0xa4fecc2c589101274263ceb7593817c016b2d5747b7a48bb6dfe49f9e898e837,14284854,1641942646,1/11/2022 23:10,0xf371a4ae49f7e822a25314d48f33278724ad9de1,0xb5d85ca38a9cbe63156a02650884d92a6e736ddc,,0,0,0,0.00022177,0.077218096,463.38,,,Approve
0x8ee6ee1e256e6292b4ffc4af3dd932aa9d49a1677654528992b2f57d0b6675d6,14284907,1641942806,1/11/2022 23:13,0xf2c3b0e53a9224d041e20b13d4f99b68cf62c5e0,0xb5d85ca38a9cbe63156a02650884d92a6e736ddc,,0,0,0,0.00022177,0.077218096,463.38,,,Approve
0x750246e18668808d86e6599bad95e434f584b2ec9f66cbfb97583ece4cd8896b,14284912,1641942821,1/11/2022 23:13,0xf9bf75a357fcaa5cf3d07ff1ef5a011391327fe6,0xb5d85ca38a9cbe63156a02650884d92a6e736ddc,,0,0,0,0.00022177,0.077218096,463.38,,,Approve
0x7811d3a8036921b9ee33acb1d0e63991bd4bbec3f155bb6753e16fd6a34d96d8,14284919,1641942842,1/11/2022 23:14,0x0878708a658b48734adedbf421c7a630058ba141,0xb5d85ca38a9cbe63156a02650884d92a6e736ddc,,0,0,0,0.000072425,0.025217661,463.38,,,Approve
0xaf9ab5d4d80646dcb1a997942450b236c0efa257b5fdf570b1428d25070c76d3,14284964,1641942977,1/11/2022 23:16,0xb163f14787aa4511bdf9aeb0be662b9cfd30af18,0xb5d85ca38a9cbe63156a02650884d92a6e736ddc,,0,0,0,0.00022177,0.077218096,463.38,,,Approve
0xdc5a6279966c38e68256758fe10193cdaf01253c001cfb1520436685d8c9d96a,14284991,1641943058,1/11/2022 23:17,0x363e44430cbe6248e229843c6bae948f084c0a88,0xb5d85ca38a9cbe63156a02650884d92a6e736ddc,,0,0,0,0.00022177,0.077218096,463.38,,,Approve
0x586e8bd8434ce335a8cf2bbed2d44349fe8579674c72e1e718388fb66d5f669f,14285034,1641943187,1/11/2022 23:19,0x1cba22fed032dc74894e978386171ed9853decf0,0xb5d85ca38a9cbe63156a02650884d92a6e736ddc,,0,0,0,0.00022177,0.077218096,463.38,,,Approve
0xa9c90531dfa9c229a9f16f1cb84a0fa02162ffe603704d4a5a388677bc982e81,14285078,1641943319,1/11/2022 23:21,0xece3c3a92d50ce9ac2676f141a637bbb617bea9f,0xb5d85ca38a9cbe63156a02650884d92a6e736ddc,,0,0,0,0.00022177,0.077218096,463.38,,,Approve
0x7382a52fe36c316571f5482f414a43db72712d679cd21bb45f7dfe20affc2495,14285085,1641943340,1/11/2022 23:22,0x6c96a234d110349bd841feac25971f3b7a9370b7,0xb5d85ca38a9cbe63156a02650884d92a6e736ddc,,0,0,0,0.00022177,0.077218096,463.38,,,Approve
0x860a90c425e69c84ea05e04741f5f983aaac648e25f9767c936265895b61dff3,14285169,1641943592,1/11/2022 23:26,0xd0ab6d0416f60ad32033d206963ac606a0ea0418,0xb5d85ca38a9cbe63156a02650884d92a6e736ddc,,0,0,0,0.00022177,0.077218096,463.38,,,Approve
0xdaa572ac963a8a4f5dc6ea44048a3a83547a2f5e47bc8f764dcd94d5fc8bfd6d,14285173,1641943604,1/11/2022 23:26,0x7a8c44883c2048f9d2a828679d518bdc6bacfdea,0xb5d85ca38a9cbe63156a02650884d92a6e736ddc,,0,0,0,0.00022177,0.077218096,463.38,,,Approve
0x0ff8d0b3a5403e8514e0c80ab36090c5a5b60ed11f0f5bfe8d0aef2656be6804,14285194,1641943667,1/11/2022 23:27,0x501a42174a27896cb53bb5bb8c4dbfaee6b870c1,0xb5d85ca38a9cbe63156a02650884d92a6e736ddc,,0,0,0,0.00022177,0.077218096,463.38,,,Approve
0xb3facd814daa4249b6efb432c2c85dc6f46f4d1a5b1271a241e02379d1923ffe,14285265,1641943880,1/11/2022 23:31,0x1a652751c60b48da2ffa7719bba20c14b013f961,0xb5d85ca38a9cbe63156a02650884d92a6e736ddc,,0,0,0,0.00022177,0.077218096,463.38,,,Approve
0x56db0be2a80688770bb8d985ed35684e945d7d803f5ca5fac39937ca46ff70a0,14285429,1641944372,1/11/2022 23:39,0x85a10142360275094515a9be62fdafc8dc2c38b3,0xb5d85ca38a9cbe63156a02650884d92a6e736ddc,,0,0,0,0.000310478,0.108105335,463.38,,,Approve
0x92c806718740c3f8bc95cfaa444f2d0f4fab4c6f2f19ccfbb7536c279efdbddd,14285430,1641944375,1/11/2022 23:39,0x6527247dfe45924a064ce7ee22734ead80b449bb,0xb5d85ca38a9cbe63156a02650884d92a6e736ddc,,0,0,0,0.00022177,0.077218096,463.38,,,Approve
0xe7c526cd33959272aa47812086308e5b2417aa46710b8bf786b2cc40dfd67229,14285518,1641944639,1/11/2022 23:43,0x144c485fcba327f8e078b0cf082304ec4f3fece3,0xb5d85ca38a9cbe63156a02650884d92a6e736ddc,,0,0,0,0.00022177,0.077218096,463.38,,,Approve
0xfe371fd2cf5e2502c31cc668e347e549e0db1ece8a083d42301d0edb4692f036,14285540,1641944705,1/11/2022 23:45,0x55b4a6820f13688c734e0e9142e1cf63bc526661,0xb5d85ca38a9cbe63156a02650884d92a6e736ddc,,0,0,0,0.00022177,0.077218096,463.38,,,Approve
0xc331efbeb4e6269bfa09b470d25d5c1f56aa03f37faa56253639c5fff14d8fee,14285548,1641944729,1/11/2022 23:45,0x5278dd9f948474b4f814105277e158b0bd5498a5,0xb5d85ca38a9cbe63156a02650884d92a6e736ddc,,0,0,0,0.00022177,0.077218096,463.38,,,Approve
0xa29776d809c30f2c5b0dd1feef51e0acd15f4bb0e215049c52f0f50e2f7125fe,14285566,1641944783,1/11/2022 23:46,0x28233c517116dfe511376dd4c9bd27563fb57609,0xb5d85ca38a9cbe63156a02650884d92a6e736ddc,,0,0,0,0.00022177,0.077218096,463.38,,,Approve
0xdd9d4b8cbb5ad67296d480c4fe24118e643fa0ecc96d19ff6e2d92443d1a769b,14285625,1641944960,1/11/2022 23:49,0x7e45d54031d0a4cdd425fb55006b2abe18a2b43c,0xb5d85ca38a9cbe63156a02650884d92a6e736ddc,,0,0,0,0.00022177,0.077218096,463.38,,,Approve
0x00e6fc1c3a18ea331cf57846814002d3f4217750f4e757135a24c52db4ce46a5,14285652,1641945041,1/11/2022 23:50,0x811d9725bbd88636b99c7a5b12adc84482b46045,0xb5d85ca38a9cbe63156a02650884d92a6e736ddc,,0,0,0,0.00022177,0.077218096,463.38,,,Approve
0x0bbe64d9ec83e15ae4031d123a2abd061fe5dd285f5f0080ab886ff63144e306,14285936,1641945893,1/12/2022 0:04,0xf87228b7e3842a7b9225d1812d7915d36af5382a,0xb5d85ca38a9cbe63156a02650884d92a6e736ddc,,0,0,0,0.00022177,0.077218096,487.51,,,Approve
0xdac66f1a62ea93fe83862a17e05c40de017441dce2739f3b9dfb60debfe6cd7e,14286073,1641946304,1/12/2022 0:11,0x84670e3e4055333d2e8c06e20882321a80f28199,0xb5d85ca38a9cbe63156a02650884d92a6e736ddc,,0,0,0,0.00022177,0.077218096,487.51,,,Approve
0x00175476dff9cd567a49f91f77d2134b43658c85cd6fa992151054fe6066ba67,14286076,1641946313,1/12/2022 0:11,0x7a5eadeed1edafc9d30b38a3d17206d686b3ab41,0xb5d85ca38a9cbe63156a02650884d92a6e736ddc,,0,0,0,0.00022177,0.077218096,487.51,,,Approve
0xbc0546dab3004d92ac17b42f06974b9ee6ec9ac1449c5d745a83c20729b913dd,14286220,1641946745,1/12/2022 0:19,0x2b86d782236469b008a8505e7f290098990f2cb4,0xb5d85ca38a9cbe63156a02650884d92a6e736ddc,,0,0,0,0.00022177,0.077218096,487.51,,,Approve
0x7b1cc84b4277c8f98adca2c907cc8036bf0224af5b56363149d5eddb0e6ad954,14286239,1641946802,1/12/2022 0:20,0x8da81bdb0aed3d67832fccdb92aaa9376f25c51a,0xb5d85ca38a9cbe63156a02650884d92a6e736ddc,,0,0,0,0.00022177,0.077218096,487.51,,,Approve
0x024d719c343d63f958321536333833f618db55a8dd70c1a5dba5299b52f4b947,14286363,1641947174,1/12/2022 0:26,0x66fcb32a3937d09852aece8ede489c53b1f38dc5,0xb5d85ca38a9cbe63156a02650884d92a6e736ddc,,0,0,0,0.00022177,0.077218096,487.51,,,Approve
0x6619f43600839fd4007585f891603f38bd8562e2d5f6aa6783de9f768783297e,14286423,1641947354,1/12/2022 0:29,0x3070d5794b215035957770104f7de90fdc13e3cf,0xb5d85ca38a9cbe63156a02650884d92a6e736ddc,,0,0,0,0.00022177,0.077218096,487.51,,,Approve
0x9972b4c792e89bca2e54a6b68210ffe64956eddb0b16541b81f1f135b05a648b,14286548,1641947729,1/12/2022 0:35,0x7567dee7d5199f03e1490f43e8d8c68bce58fff3,0xb5d85ca38a9cbe63156a02650884d92a6e736ddc,,0,0,0,0.00012577,0.043791856,487.51,,,Approve
0x256c8a2d84cff1f936d0e28d6cb211fa5f1148a0912fa68f868682f3dd5eb71c,14286641,1641948008,1/12/2022 0:40,0x33f1f564e0f46a1bb81e9f9130b6203f3019bcb1,0xb5d85ca38a9cbe63156a02650884d92a6e736ddc,,0,0,0,0.00022177,0.077218096,487.51,,,Approve
0x00688fb7bea25ad075c38558780d3696ba898b39086d2b4ffbbc2efedef1aecb,14286816,1641948535,1/12/2022 0:48,0xae5e6d0951245d5eaa0650e5e05e828a6e862717,0xb5d85ca38a9cbe63156a02650884d92a6e736ddc,,0,0,0,0.00022177,0.077218096,487.51,,,Approve
0xc6498cb6782000fde5d294879e01785da632377b0e5b36f3c42b1356c40581fc,14286842,1641948613,1/12/2022 0:50,0x8b03615c6678f1c44c7a93e674c8e959fc6504d2,0xb5d85ca38a9cbe63156a02650884d92a6e736ddc,,0,0,0,0.00022177,0.077218096,487.51,,,Approve
0x5298ecef44a12e0ba3749c79e615247cf01c425bb81f5484cfe68768ff5d551b,14286939,1641948904,1/12/2022 0:55,0x4c89dcd8238206f7317ce6727da07571277f6af2,0xb5d85ca38a9cbe63156a02650884d92a6e736ddc,,0,0,0,0.00022177,0.077218096,487.51,,,Approve
0x4be65d19c9ef978da9ab1025d178fe82e05898226825e5a3c58b8f89153b792d,14287042,1641949213,1/12/2022 1:00,0xb79252042f6639d02025ec881d52434cbe8cfb70,0xb5d85ca38a9cbe63156a02650884d92a6e736ddc,,0,0,0,0.00022177,0.077218096,487.51,,,Approve
0xdbba3a2e2f77793fd3cc5829df917870a341e87696c25f1ed3c54ca3ed52d6a6,14287061,1641949270,1/12/2022 1:01,0xe276d01ee1d5886d7f169ba9f0a5cb26845764e3,0xb5d85ca38a9cbe63156a02650884d92a6e736ddc,,0,0,0,0.00022177,0.077218096,487.51,,,Approve
0x3b367a9c83f6b5e3a0d86c1928b5089fb64a271f46aa180dcf8fa220bda16b6b,14287085,1641949342,1/12/2022 1:02,0xd25cc40c16ad87c7e64350d3be7d70905df42bf1,0xb5d85ca38a9cbe63156a02650884d92a6e736ddc,,0,0,0,0.00022177,0.077218096,487.51,,,Approve
0x66ddf821d8ce9c59c09848b237020083f6a0f80ae4eed56f72824f856e4899f0,14287145,1641949522,1/12/2022 1:05,0xf2340f82f453b90a53a8e5d061c4f7d6b9f68d4f,0xb5d85ca38a9cbe63156a02650884d92a6e736ddc,,0,0,0,0.00022177,0.077218096,487.51,,,Approve
0x9ef3ff414a978392aa1138c3b5ad69ae0c2b012df86450225adf333710c184a1,14287148,1641949531,1/12/2022 1:05,0xb93b01c000e92c65fe7f31668c828830f11bac57,0xb5d85ca38a9cbe63156a02650884d92a6e736ddc,,0,0,0,0.00022177,0.077218096,487.51,,,Approve
0x838074a312c0327ea1977945e2d25dd0bc894b1b943a2bc8ef6e349693a7bf56,14287205,1641949702,1/12/2022 1:08,0x7a8c44883c2048f9d2a828679d518bdc6bacfdea,0xb5d85ca38a9cbe63156a02650884d92a6e736ddc,,0,0,0,0.00012577,0.043791856,487.51,,,Approve
0xe31c6d628639dee21d0be78959be86c26fc3c1449b499bb6b5cc50b9b3baf090,14287213,1641949726,1/12/2022 1:08,0xa2ee6cf3beeae278dd737d72a93d09da5c245486,0xb5d85ca38a9cbe63156a02650884d92a6e736ddc,,0,0,0,0.00022177,0.077218096,487.51,,,Approve
0x3fc00e9778f487dd40d93e56407361ee17ef4e53735607e622da0c34b41a0d91,14287370,1641950197,1/12/2022 1:16,0xe759c4ddefe5ad592b2875ff6b2f4333ff5f117d,0xb5d85ca38a9cbe63156a02650884d92a6e736ddc,,0,0,0,0.00022177,0.077218096,487.51,,,Approve
0x893491354433e6e7ab10c26e641157e7852b1a440680878e10b2f7e00c8d62ac,14287941,1641951910,1/12/2022 1:45,0xd1dd6a9fffaa90d78e1d6964aac7d9a53e2f4146,0xb5d85ca38a9cbe63156a02650884d92a6e736ddc,,0,0,0,0.00022177,0.077218096,487.51,,,Approve
0xbbdbb5cedbdfae3dc0696d9abc74d34ee29af95a089ceeab14b3d5f69e5f3d27,14288225,1641952762,1/12/2022 1:59,0xda806eb3088516a78c2af9b3ddc1de95df32c094,0xb5d85ca38a9cbe63156a02650884d92a6e736ddc,,0,0,0,0.00022177,0.077218096,487.51,,,Approve
0x33e8e1f87b5307190e237dbf7c730cc4f8563023c1f61a52ffe982470ac29beb,14288469,1641953494,1/12/2022 2:11,0xf928e8fdf2436e3d588f1dc3c0556a615679d43f,0xb5d85ca38a9cbe63156a02650884d92a6e736ddc,,0,0,0,0.00022177,0.077218096,487.51,,,Approve
0x6d8af5aeb825bcb2eb042f4ffc911bedffd26b3236bdeec91ba5988987a72d6d,14288479,1641953524,1/12/2022 2:12,0xa58a9f595fb68edbed8f77a6bb34faf630cfbd60,0xb5d85ca38a9cbe63156a02650884d92a6e736ddc,,0,0,0,0.00022177,0.077218096,487.51,,,Approve
0xa7b3281e28350ee2f19b38a8da8f786b3df2d26af87df3176f4cdd038e7d27ea,14288784,1641954439,1/12/2022 2:27,0xe701fea0eebe348d9c69a06c0ee87605c4784068,0xb5d85ca38a9cbe63156a02650884d92a6e736ddc,,0,0,0,0.00022177,0.077218096,487.51,,,Approve
0xd23b41bc1b9c464e3b0ca895918b2de8ffc3c35836d2da685c00dd3342c37241,14288941,1641954910,1/12/2022 2:35,0xbe7a058bd89e3b456b190b51541ddd538ad31864,0xb5d85ca38a9cbe63156a02650884d92a6e736ddc,,0,0,0,0.00022177,0.077218096,487.51,,,Approve
0x9e74670212caebee470cae192a02fce453d507aaa5d445c7b6ca70856d52ebca,14289056,1641955255,1/12/2022 2:40,0x484bfcbacc65a6019943b2ba4bcd69a1a2b72e59,0xb5d85ca38a9cbe63156a02650884d92a6e736ddc,,0,0,0,0.00022177,0.077218096,487.51,,,Approve
0xb72a229c915a3a19a04104f197635c739b8c7ccfebf94ecef02828f6cd94de74,14289683,1641957142,1/12/2022 3:12,0x2ee25e1f58ad2ae3dede5c9810ee9e8d8bfc2bf6,0xb5d85ca38a9cbe63156a02650884d92a6e736ddc,,0,0,0,0.00022177,0.077218096,487.51,,,Approve
0x05645c83f23265dce229f7dda11a812647dff60b2bdcc3b464ef681987afa9a4,14290442,1641959419,1/12/2022 3:50,0x6a309bef7a6f107d11544192203fcc77aaa1e89d,0xb5d85ca38a9cbe63156a02650884d92a6e736ddc,,0,0,0,0.00022177,0.077218096,487.51,,,Approve
0x2f5f65c70066ffc8d838586be297fb2e8f2c60bc9c8be0ebfdacf3b3f3c67105,14291242,1641961819,1/12/2022 4:30,0xf0d22c98bb362ab8c38ae4098ba9088c988ff52c,0xb5d85ca38a9cbe63156a02650884d92a6e736ddc,,0,0,0,0.00022177,0.077218096,487.51,,,Approve
0x9e0de8db638c89a7af38d7ae96c894b381e339e1ebae718f34e531a96d174da0,14291410,1641962323,1/12/2022 4:38,0xacf729aa410479ba861fa30474b6d2201c21a9a2,0xb5d85ca38a9cbe63156a02650884d92a6e736ddc,,0,0,0,0.00022177,0.077218096,487.51,,,Approve
0x75fc026a3fe2b47913ae91c3976d124e7800558c4d57c2eb3e97ee07942fd69c,14291599,1641962890,1/12/2022 4:48,0xeddc156a059abd69138ce3ef25e2d884fcd3c87a,0xb5d85ca38a9cbe63156a02650884d92a6e736ddc,,0,0,0,0.00022177,0.077218096,487.51,,,Approve
0x4c8f87b1327999d04e72f311a16f9e9a9c66201a6806edda65366e9aa165407c,14291640,1641963013,1/12/2022 4:50,0x6b12f0fc84651b7b98c843ad81e4f73ef3840d32,0xb5d85ca38a9cbe63156a02650884d92a6e736ddc,,0,0,0,0.00022177,0.077218096,487.51,,,Approve
0x044f217c54cd7113e7de866823bbe59d71711e7f1302e2318d1f18e351a8efdf,14291668,1641963097,1/12/2022 4:51,0xe72ba59c7b2c21066c068ec7f018b96b1741cfed,0xb5d85ca38a9cbe63156a02650884d92a6e736ddc,,0,0,0,0.00022177,0.077218096,487.51,,,Approve
0x5c07bfd6b98806d941105c3afe46fb7baa062de288b0c48b2de81228fa29118d,14291672,1641963109,1/12/2022 4:51,0x859772cd108eddf5dce8e34950b4607cfaf67b93,0xb5d85ca38a9cbe63156a02650884d92a6e736ddc,,0,0,0,0.00022177,0.077218096,487.51,,,Approve
0xab016dbd9c58d3f1b91f3f4bb988a16638393adccfb5588b27a95c0e56a6b81b,14292117,1641964444,1/12/2022 5:14,0xeead2ae6eb6d99f16bedae7996027bf51290c1cd,0xb5d85ca38a9cbe63156a02650884d92a6e736ddc,,0,0,0,0.00022177,0.077218096,487.51,,,Approve
0x67e9b2ead6589d01b41fadc90e833fe4374a0cb424650895cf442f3c7517ec27,14292263,1641964882,1/12/2022 5:21,0xb9558926c1f9b568d8197e6882715ead09344a12,0xb5d85ca38a9cbe63156a02650884d92a6e736ddc,,0,0,0,0.00022177,0.077218096,487.51,,,Approve
0xf9908cc242f9c608d722dfec8948621aae7b55bbebe241cc25c5832106954615,14292638,1641966007,1/12/2022 5:40,0x050064ef5f7920c31f85c95d49715d4a01176e48,0xb5d85ca38a9cbe63156a02650884d92a6e736ddc,,0,0,0,0.00022177,0.077218096,487.51,,,Approve
0xf27dbd29ade642f637e7bb5b1ef4496d07bf6b08669d6e0ef96f89b35b3100a9,14292968,1641966997,1/12/2022 5:56,0xe7e4e266e266e961f24ca82d7a55d18be58d046a,0xb5d85ca38a9cbe63156a02650884d92a6e736ddc,,0,0,0,0.00022177,0.077218096,487.51,,,Approve
0x360e8c86f301b167595d49addfacd1edb97620da27f2ca3189e2b944f5ae92bc,14292995,1641967078,1/12/2022 5:57,0xa3dcd6f71f3273277c1f8a157862e2afccd39e50,0xb5d85ca38a9cbe63156a02650884d92a6e736ddc,,0,0,0,0.00022177,0.077218096,487.51,,,Approve
0xc4380a2b320962319804e8dc7f9057cf343f6cde4f7b710c51c9645f7ff7c7de,14293230,1641967783,1/12/2022 6:09,0x45edb8fe5385ccd2d956c4b98dcd51c95b5f855a,0xb5d85ca38a9cbe63156a02650884d92a6e736ddc,,0,0,0,0.00022177,0.077218096,487.51,,,Approve
0x29c670073db1891650553d34d3793b2b730be73bcc2d98353706afdd805b89ab,14293337,1641968104,1/12/2022 6:15,0xdf2726c13b2221f5870ce2f417eafb6bf8d1fed7,0xb5d85ca38a9cbe63156a02650884d92a6e736ddc,,0,0,0,0.00022177,0.077218096,487.51,,,Approve
0x870aaf2fd46d44fd093e3449c6d542e600573b4dac5269ecfb1f2edf27398a13,14293649,1641969040,1/12/2022 6:30,0x90209ec83262b85bb11ca11bb995ef09eeb059ce,0xb5d85ca38a9cbe63156a02650884d92a6e736ddc,,0,0,0,0.00022177,0.077218096,487.51,,,Approve
0x469185d182fc69e3aafa6cb8a7bc3d5ec88ba721e5aaadfc53946f789a28b958,14293655,1641969058,1/12/2022 6:30,0x90209ec83262b85bb11ca11bb995ef09eeb059ce,0xb5d85ca38a9cbe63156a02650884d92a6e736ddc,,0,0,0,0.00012577,0.043791856,487.51,,,Approve
0x48e5eeaadc21758f1da54a39974cdcec242db286e11f6f38f8096be2beebd930,14293987,1641970056,1/12/2022 6:47,0x862a3fca37413ece95eb317daef9e270f22f8d23,0xb5d85ca38a9cbe63156a02650884d92a6e736ddc,,0,0,0,0.00022177,0.077218096,487.51,,,Approve
0x68b8530a99d6c92a83c5ebbf13a27a52498ce91b6066eb65e6ce03371ad59e43,14294045,1641970230,1/12/2022 6:50,0x3eab10022d6aa6e1a2a7379621f9070d7cd29b25,0xb5d85ca38a9cbe63156a02650884d92a6e736ddc,,0,0,0,0.00022177,0.077218096,487.51,,,Approve
0xac1d4d92e4f4be3f87b4eed5e21baf5f2741a94b5199675345f711dace717b5d,14294432,1641971391,1/12/2022 7:09,0xd6b93197d29a499863cc430e44bf9e5430d30721,0xb5d85ca38a9cbe63156a02650884d92a6e736ddc,,0,0,0,0.00022177,0.077218096,487.51,,,Approve
0x0b4cfa8d8c4a3326bae13c556d63e128f0c52609d22f6620f708a7e83ff6bf97,14294531,1641971688,1/12/2022 7:14,0xb9b3c7767fe241f68546f1160008b951d84324a2,0xb5d85ca38a9cbe63156a02650884d92a6e736ddc,,0,0,0,0.00022177,0.077218096,487.51,,,Approve
0xdcc1de16bd70af70903db49ce064a67c87784a923a693eb4b2d91b2869cbe02f,14294765,1641972390,1/12/2022 7:26,0x0cab0680580c394a63152eb6fab11657978576f9,0xb5d85ca38a9cbe63156a02650884d92a6e736ddc,,0,0,0,0.00022177,0.077218096,487.51,,,Approve
0x3a99ec8768cc416ad6cd3516231a7e2b73e60cfeeb93d5104a2d89ff2dc709e8,14294770,1641972405,1/12/2022 7:26,0xac904735898a79b2ee0832abc7d1d8d556a225af,0xb5d85ca38a9cbe63156a02650884d92a6e736ddc,,0,0,0,0.00022177,0.077218096,487.51,,,Approve
0xa0ff319b0a5629dec0a52c3993abca67d641f9f38f5643b10eb9e71433568aac,14294935,1641972900,1/12/2022 7:35,0xda10686ac9e4abae44521120c7eb09c37105f35f,0xb5d85ca38a9cbe63156a02650884d92a6e736ddc,,0,0,0,0.00022177,0.077218096,487.51,,,Approve
0xa11a2af141f8f59250d6d09cf25b1424b8949f06e0047a8881740a4a8ae981ff,14294987,1641973056,1/12/2022 7:37,0xe7648d2d5d0520702fde03a0253ae8ee9019ef55,0xb5d85ca38a9cbe63156a02650884d92a6e736ddc,,0,0,0,0.00022177,0.077218096,487.51,,,Approve
0xf313b74792689251ad365b9f1fdac1ea2038298ff02d2638b465b3ef4f48f724,14295092,1641973371,1/12/2022 7:42,0xa67810d5d5c79e9c2985451ddf90cdda9ceff4d4,0xb5d85ca38a9cbe63156a02650884d92a6e736ddc,,0,0,0,0.00022177,0.077218096,487.51,,,Approve
0x01c4bd5ebb943ba7c15a866ebc94d79e7e3fcab6f7e1d94aa774f417d73efe94,14295184,1641973647,1/12/2022 7:47,0xc0fd0b3900198dbebd1a2bac9454a82d91093395,0xb5d85ca38a9cbe63156a02650884d92a6e736ddc,,0,0,0,0.00022177,0.077218096,487.51,,,Approve
0xf745bf81e3aecdeba3e7455ab0a0234061c2c04d91012fce26668ace80df376b,14295237,1641973806,1/12/2022 7:50,0x9169ae67b8b138d596d9f40915d9e85afe7036ac,0xb5d85ca38a9cbe63156a02650884d92a6e736ddc,,0,0,0,0.00022177,0.077218096,487.51,,,Approve
0x9869fa94f5b9ab55c5b5743e224eb1b32bf93042e3461bac2910242954bfff56,14295772,1641975417,1/12/2022 8:16,0xe4eb56058c7b5f1bcec91861a968d37bba56db39,0xb5d85ca38a9cbe63156a02650884d92a6e736ddc,,0,0,0,0.00022177,0.077218096,487.51,,,Approve
0x0ce687acf5744a4520fd24282276b286dbe9fab2b53cb8af552829f937b25499,14296290,1641976974,1/12/2022 8:42,0x911a20396e64ac47dab0b1c378c003247523a87a,0xb5d85ca38a9cbe63156a02650884d92a6e736ddc,,0,0,0,0.00022177,0.077218096,487.51,,,Approve
0x82829c36f5a8629ed73e2dd6a4ee9132336526001ed696f3c4af359ab44107e2,14296321,1641977067,1/12/2022 8:44,0x3033e8374aa5df99aebebcf76d32cd230403ceac,0xb5d85ca38a9cbe63156a02650884d92a6e736ddc,,0,0,0,0.00022177,0.077218096,487.51,,,Approve
0xb04b93dc4ff7a4da3a9b309edbc56777c18c39699044073ef9873e4b27e5097d,14296650,1641978054,1/12/2022 9:00,0x1f55a25b669ffb5b6bf237c826557caccef38b29,0xb5d85ca38a9cbe63156a02650884d92a6e736ddc,,0,0,0,0.00022177,0.077218096,487.51,,,Approve
0x492af032b43bf54d9000333b0a6efd1ca4c254f0cd4293bc26a2fc28efd04f33,14296729,1641978291,1/12/2022 9:04,0x1c5b1d681435ddb9244139f03f09e8ce18a4ac70,0xb5d85ca38a9cbe63156a02650884d92a6e736ddc,,0,0,0,0.00022177,0.077218096,487.51,,,Approve
0x0637fa222d63cc1bfa24b254a4d93d4abeaa6696af4a787306b8fe028ec408c9,14297169,1641979611,1/12/2022 9:26,0x32e6b7d57a7b2347c08df02889c69984890f8888,0xb5d85ca38a9cbe63156a02650884d92a6e736ddc,,0,0,0,0.00022177,0.077218096,487.51,,,Approve
0x08037d56464d5b5a349d1f550ff01c6eb1f872bc134f51741a3ab8302ea30328,14297264,1641979896,1/12/2022 9:31,0x432ff38bf48b6af6cf99d5ecc041b8edc229368a,0xb5d85ca38a9cbe63156a02650884d92a6e736ddc,,0,0,0,0.00022177,0.077218096,487.51,,,Approve
0x12100b35e334a5fc27374126eae0548058c52019ac56d30e97bfde10af39a52f,14297281,1641979947,1/12/2022 9:32,0x29aec2e84d9f5aa21d423ddb80e400cae1a49d48,0xb5d85ca38a9cbe63156a02650884d92a6e736ddc,,0,0,0,0.00022177,0.077218096,487.51,,,Approve
0x8c1c12dff019d62b1d9abc2b1ad6f698fec8c3e033cb7e4ed2769ed6ecc55a2c,14297701,1641981207,1/12/2022 9:53,0x3ce7f85fabca6f72268af6e5f6ee1d14722b447b,0xb5d85ca38a9cbe63156a02650884d92a6e736ddc,,0,0,0,0.00022177,0.077218096,487.51,,,Approve
0x5a03545df0e13fd471486a8a1a4931196c73a9e62733beabf0e5e416e4445e7f,14298427,1641983472,1/12/2022 10:31,0x7ca77118f3724a146c469ce5d7824b3394007f16,0xb5d85ca38a9cbe63156a02650884d92a6e736ddc,,0,0,0,0.00022177,0.077218096,487.51,,,Approve
0xde9c58540ecd6e43909a84e187cd7bb780bab6af1a1cff5c98b9785d5abb8bba,14298455,1641983556,1/12/2022 10:32,0x359954304d626c200edbb8589fbb67ec759df84c,0xb5d85ca38a9cbe63156a02650884d92a6e736ddc,,0,0,0,0.00022177,0.077218096,487.51,,,Approve
0x2af826ca70e6d6e1a8de22e47cc930fa0f4080a0d1245a900131b65e7619b107,14298465,1641983586,1/12/2022 10:33,0x9add913dabb105e552162cc9c962e8e4febcf140,0xb5d85ca38a9cbe63156a02650884d92a6e736ddc,,0,0,0,0.00022177,0.077218096,487.51,,,Approve
0x879100381a94283cace8ff41f176e98b9ccdf275f6ccced9d044cf72b6d2dc46,14298874,1641984813,1/12/2022 10:53,0x0ed354d12898cb1d91fa9289334a4ca61c5e100f,0xb5d85ca38a9cbe63156a02650884d92a6e736ddc,,0,0,0,0.00022177,0.077218096,487.51,,,Approve
0x3ff6441fb9f0966e2b1b5bc6528a2817c342ab2c5bc1bf49c7ea9dc6e916ba2b,14299213,1641985830,1/12/2022 11:10,0x1e09c8ef31903f4e68b472983ec7a305522a9b84,0xb5d85ca38a9cbe63156a02650884d92a6e736ddc,,0,0,0,0.00022177,0.077218096,487.51,,,Approve
0xf9745600fa8817182019a84decedf43dd5582fc83b729baeb0bd4bea4410e650,14299554,1641986870,1/12/2022 11:27,0xd1f981c907494bf9bcf8eaa90b350b5d4b5ed0e8,0xb5d85ca38a9cbe63156a02650884d92a6e736ddc,,0,0,0,0.00022177,0.077218096,487.51,,,Approve
0x594d1b23a6a4c939e18210f4028a69c3fd89997dcbb40ac050a3e05aeaa124bd,14299968,1641988131,1/12/2022 11:48,0xd055dd9b13945397618e17d73cd636b6c9a77d82,0xb5d85ca38a9cbe63156a02650884d92a6e736ddc,,0,0,0,0.00022177,0.077218096,487.51,,,Approve
0x93a0f9cb42779fe73cd2cf5cbac330d2a7cabf90e77d4b4ea7ff0ebc2717d2b4,14300180,1641988767,1/12/2022 11:59,0x9c1ae0d3b78ba948720871f4c02b2cd19f2e0532,0xb5d85ca38a9cbe63156a02650884d92a6e736ddc,,0,0,0,0.00022177,0.077218096,487.51,,,Approve
0x0208879b67ac0d143696911f0299f5e48651ddef5f17067e16af0f798002ecc5,14300759,1641990504,1/12/2022 12:28,0x4ac9abab24a2072db4282dcbfec8c804028fb207,0xb5d85ca38a9cbe63156a02650884d92a6e736ddc,,0,0,0,0.00022177,0.077218096,487.51,,,Approve
0x2568d8aed30ec5374325c92eff1784b8b3f988f938615f2c2ad6e7000ed58b07,14300887,1641990888,1/12/2022 12:34,0xffc90c348b3b398626a388732be95b9283531912,0xb5d85ca38a9cbe63156a02650884d92a6e736ddc,,0,0,0,0.00022177,0.077218096,487.51,,,Approve
0x76404edbaa576f3b7ab95a5b50b30335cf17d19f4bdac0c661a362014337dea1,14303297,1641998118,1/12/2022 14:35,0x49373c9b31644bae4bb62c13e5fb8ba237b4256b,0xb5d85ca38a9cbe63156a02650884d92a6e736ddc,,0,0,0,0.00022177,0.077218096,487.51,,,Approve
0xfbb1e3095b5b8ff146df054eb6eaf5fda40bb8a4f4d30b6d64eb7bea8ebfd060,14303684,1641999279,1/12/2022 14:54,0x3401dc45783bcb9a96cf63062c97ea3a2e59dacd,0xb5d85ca38a9cbe63156a02650884d92a6e736ddc,,0,0,0,0.000266124,0.092661716,487.51,,,Approve
0xdc35b660ca6f0135c342a714009f955477714d2f41ff37983972fbb1f7b8ee98,14303998,1642000245,1/12/2022 15:10,0xa2d294ab7c74a12fae4945f79f02e8c0f448add7,0xb5d85ca38a9cbe63156a02650884d92a6e736ddc,,0,0,0,0.00022177,0.077218096,487.51,,,Approve
0x4003c2583f109f8f82918f1dfe2f10720d2a65394987ff8a6cc789f635cd9d5c,14304216,1642000899,1/12/2022 15:21,0x11780e3dce1c80432443eb09d8547961dd2a8f41,0xb5d85ca38a9cbe63156a02650884d92a6e736ddc,,0,0,0,0.00022177,0.077218096,487.51,,,Approve
0xea1fa3b40269d8a54e18c52a1012af205030c7076d3779b240ac8c9546cd96ab,14304860,1642002849,1/12/2022 15:54,0x7a88560e942bbbe2617b7c2317e0a7271fa89518,0xb5d85ca38a9cbe63156a02650884d92a6e736ddc,,0,0,0,0.00022177,0.077218096,487.51,,,Approve
0x1ae8b9bb5543f6974861a238764e27037f60f575147fb53e78f491df0f801a7c,14305182,1642003816,1/12/2022 16:10,0xeb293f8946c210f5772f544b87573f1394130d6d,0xb5d85ca38a9cbe63156a02650884d92a6e736ddc,,0,0,0,0.00022177,0.077218096,487.51,,,Approve
0xc2052a663b5e39e61f052586426cd7bda10a932b73e729dbde3d66fa20c389b0,14305270,1642004084,1/12/2022 16:14,0x8cfc3d964d26e858d052c2256767c392f6088217,0xb5d85ca38a9cbe63156a02650884d92a6e736ddc,,0,0,0,0.00022177,0.077218096,487.51,,,Approve
0x8cb9f87c332909e7b4e40c4bb78021faddb1971f49172e1e7db7381151fd88a9,14305984,1642006237,1/12/2022 16:50,0xc7c7e4ac0fa13b17dda6a51b0d3a6009a8b91563,0xb5d85ca38a9cbe63156a02650884d92a6e736ddc,,0,0,0,0.00022177,0.077218096,487.51,,,Approve
0xac91470ce94398f4bd5447ae68666ef521ab3127447f3547cbf9b716313f78b7,14305984,1642006237,1/12/2022 16:50,0x781a5cf63d79354f53ebaeb8966e574b5858a414,0xb5d85ca38a9cbe63156a02650884d92a6e736ddc,,0,0,0,0.00022177,0.077218096,487.51,,,Approve
0x348311a2ca67268bf7724e0b6139a72b7220430d9fe56cd60a5fcd268f1f17a5,14306189,1642006852,1/12/2022 17:00,0xef29f19c3088256634d0a749b08a58fa101e049a,0xb5d85ca38a9cbe63156a02650884d92a6e736ddc,,0,0,0,0.00022177,0.077218096,487.51,,,Approve
0xd2fc84708c7469949769d34b99a3365cc95d7feef04a460da22d8a7981bbbc2f,14306929,1642009085,1/12/2022 17:38,0x2ccf66f4b35a3871d22a95a07fa42b26fdc928e9,0xb5d85ca38a9cbe63156a02650884d92a6e736ddc,,0,0,0,0.00022177,0.077218096,487.51,,,Approve
0x402ac5a88d812ad619bbf24037f32015eef11d12c6fd26c3c95a3994f7cbe11f,14309355,1642016363,1/12/2022 19:39,0x0cc4887cd2e7eae2aa04ef6b0c1025a46fb1bfcb,0xb5d85ca38a9cbe63156a02650884d92a6e736ddc,,0,0,0,0.00022177,0.077218096,487.51,,,Approve
0x76aaeffc2aca5672558f4a64c3eee1c32c5ec784119695b2c6551a8764b78c70,14310181,1642018841,1/12/2022 20:20,0xbe23d6611df520a94c0faadb5ccd58ad69a24cb0,0xb5d85ca38a9cbe63156a02650884d92a6e736ddc,,0,0,0,0.00022177,0.077218096,487.51,,,Approve
0xddcc55a0609e5e5dc628a0fe3d6e6d3562c399bfb2ffbf004d6cc28df29b93ae,14313761,1642029581,1/12/2022 23:19,0x92960c3b64b06bea7fc7b183f2b2a42c3450d4dd,0xb5d85ca38a9cbe63156a02650884d92a6e736ddc,,0,0,0,0.00022177,0.077218096,487.51,,,Approve
0xc830757c742d8826a8d6d4bd460c35271c3eaec34d3a0c5ecdd100b85900d0d3,14314548,1642031945,1/12/2022 23:59,0xc7a5075aeed4e5b3b17f334574cca563c68a5895,0xb5d85ca38a9cbe63156a02650884d92a6e736ddc,,0,0,0,0.00022177,0.077218096,487.51,,,Approve
0xbf08cf15085ba8984db0e0a6978310c4278e0647aa1851b56cfe78fe5ec71dcb,14315861,1642035885,1/13/2022 1:04,0x9602d5a43df76ec10f82f0346027ba29ef40cbaa,0xb5d85ca38a9cbe63156a02650884d92a6e736ddc,,0,0,0,0.00022177,0.077218096,475.57,,,Approve
0x0f1b8387c604d505febe1a8ed0cf7ac6db6e56c3c17ab18b488424b882097eb3,14316023,1642036371,1/13/2022 1:12,0x88549ece7398f150ac92711900bd1bec8d2841ee,0xb5d85ca38a9cbe63156a02650884d92a6e736ddc,,0,0,0,0.00022177,0.077218096,475.57,,,Approve
0x307e44dba756f14343300a2e1246644a28aa6a76948d5e9935b11c56bbad93b2,14320216,1642048950,1/13/2022 4:42,0x6634867f01eed312b51d3515a577ce21704f2016,0xb5d85ca38a9cbe63156a02650884d92a6e736ddc,,0,0,0,0.00022177,0.077218096,475.57,,,Approve
0xfebc3f4521180912716deb50e710769ad6fc54864a1dcc4f356f5b2796c62bcb,14320529,1642049889,1/13/2022 4:58,0x0126ba24d87fee57bfe3608c4fa410ef4f72421f,0xb5d85ca38a9cbe63156a02650884d92a6e736ddc,,0,0,0,0.00022177,0.077218096,475.57,,,Approve
0x048b3c2543e9ab7d347bc4be739dc746e1b0d94c28a10f32ae26735711fdf47f,14320811,1642050735,1/13/2022 5:12,0x2a6239d4ee917cd24641cb50e0fd936d3e99f2a7,0xb5d85ca38a9cbe63156a02650884d92a6e736ddc,,0,0,0,0.00022177,0.077218096,475.57,,,Approve
0xc3a3668080e027486266454ec9e8fbd5525e0227d35272b750be8b70c75d7242,14323130,1642057692,1/13/2022 7:08,0x7e177b8315e142ac9090006bab9aafc6e2e97d25,0xb5d85ca38a9cbe63156a02650884d92a6e736ddc,,0,0,0,0.00022177,0.077218096,475.57,,,Approve
0x6b84f9004c6b9a528a256847b211a33bc897d83b8cfc9a6db315109adbfc2ad3,14323439,1642058620,1/13/2022 7:23,0x7defcbccf3c4fd84e23d19cde77330d3eb13e6a2,0xb5d85ca38a9cbe63156a02650884d92a6e736ddc,,0,0,0,0.00022177,0.077218096,475.57,,,Approve
0x9dd1971b68c97823eeaee438166c61771c369469bee03c05ecb0a7124f32528f,14323466,1642058701,1/13/2022 7:25,0x56f4a86a0e05128b9f6a9e6c18fe248309014165,0xb5d85ca38a9cbe63156a02650884d92a6e736ddc,,0,0,0,0.00022177,0.077218096,475.57,,,Approve
0x6c6267791d9c18dd488c31dd68bae9f05a50fc94324e29e2484941bbc95929a5,14323611,1642059136,1/13/2022 7:32,0x342fb80b04837754825349ffd551a19642bbda62,0xb5d85ca38a9cbe63156a02650884d92a6e736ddc,,0,0,0,0.00022177,0.077218096,475.57,,,Approve
0x25c44b383ad9e66fbc22a4ace30918f04231eef3c905cb504dad0f0eabe0219a,14324769,1642062610,1/13/2022 8:30,0xbf4c544b70100d72c5c40e4521b600fe62a22b87,0xb5d85ca38a9cbe63156a02650884d92a6e736ddc,,0,0,0,0.00022177,0.077218096,475.57,,,Approve
0x09df808fe7f099aa89bdbd350798b530e198e507017acdb776b1bc5717cd8636,14326891,1642068976,1/13/2022 10:16,0x125326b148ded3a5cbbb58a1d071164831be8a8d,0xb5d85ca38a9cbe63156a02650884d92a6e736ddc,,0,0,0,0.00022177,0.077218096,475.57,,,Approve
0xe68ce9aa8970029796496055f06a9a4abcfbd56dcdb43329f80788af9095a869,14328699,1642074400,1/13/2022 11:46,0x4ee83a280d562c4121cc9079a3abef8dcc943ae1,0xb5d85ca38a9cbe63156a02650884d92a6e736ddc,,0,0,0,0.00022177,0.077218096,475.57,,,Approve
0xeb64b9e6a3700678a3afc8a1b6a370bd82b6f8bd33d6957a3ce620191f16d4a2,14329855,1642077868,1/13/2022 12:44,0xea89bf22f039bd59c516ec617ef2a5a3b4b084a6,0xb5d85ca38a9cbe63156a02650884d92a6e736ddc,,0,0,0,0.00022177,0.077218096,475.57,,,Approve
0xb1954dd5432481d6dc97520dac28df110ab8422248a8b9b6670c52191f97eceb,14329990,1642078273,1/13/2022 12:51,0x9655adc5d2c950c5d414100350f8816406387cf8,0xb5d85ca38a9cbe63156a02650884d92a6e736ddc,,0,0,0,0.00022177,0.077218096,475.57,,,Approve
0xf677e0b2739ecbe89b22d04b2911cd3a4ac73cef2c76426a4a965cfa33bc0bec,14332440,1642085628,1/13/2022 14:53,0x0177039f8c845ad55924065af19b226c7163efb4,0xb5d85ca38a9cbe63156a02650884d92a6e736ddc,,0,0,0,0.00022177,0.077218096,475.57,,,Approve
0x1c73607dc567253f9b3d18e0fa0f64571c50f1e103ff0d74433947d52ee77e99,14335013,1642093397,1/13/2022 17:03,0xf692e34d0b5f4dec8a8a3a3b6313dffeedcc425e,0xb5d85ca38a9cbe63156a02650884d92a6e736ddc,,0,0,0,0.00022177,0.077218096,475.57,,,Approve
0x9122e50b6cde6dd82365626cd89dcc4cff7944f8050ec251449af565361f1de3,14335534,1642094960,1/13/2022 17:29,0x35fae20e1d7744785e11c19e56630dfe20254932,0xb5d85ca38a9cbe63156a02650884d92a6e736ddc,,0,0,0,0.00022177,0.077218096,475.57,,,Approve
0xd22b10734d61cb1a833fd1cce482c8b9d5eacf812f5736b5554ab704b5d2291b,14336444,1642097690,1/13/2022 18:14,0x8f67a2d9ab2c6457364b90831e48c4a5cc904870,0xb5d85ca38a9cbe63156a02650884d92a6e736ddc,,0,0,0,0.00022177,0.077218096,475.57,,,Approve
0xd1942b38c330b36d69c9cc9b3b6870eba7cfeedd0bbcab82bc38c3bc280f58cc,14337992,1642102335,1/13/2022 19:32,0xb93b01c000e92c65fe7f31668c828830f11bac57,0xb5d85ca38a9cbe63156a02650884d92a6e736ddc,,0,0,0,0.000072425,0.025217661,475.57,,,Approve
0xdd7e9bd79ccbd5547ed29d20957e2fb6a94c5a970ef6c10195777ed2a0150cce,14338021,1642102422,1/13/2022 19:33,0xb93b01c000e92c65fe7f31668c828830f11bac57,0xb5d85ca38a9cbe63156a02650884d92a6e736ddc,,0,0,0,0.00022177,0.077218096,475.57,,,Approve
0x2f376f427d4f926f7bd94ea511aea1c9c4576e51ef58e38abf73569c700dabed,14339765,1642107655,1/13/2022 21:00,0x88a8777351ad46de824b901a3923a57fc5680983,0xb5d85ca38a9cbe63156a02650884d92a6e736ddc,,0,0,0,0.00022177,0.077218096,475.57,,,Approve
0x3e1ea9fc8244ea8b179e2fdd4227a9049f7e7eb771a58b6a1c075d12c301a995,14340418,1642109614,1/13/2022 21:33,0x793293912b7084efd44710a0c80a2f587a5b3ac6,0xb5d85ca38a9cbe63156a02650884d92a6e736ddc,,0,0,0,0.00022177,0.077218096,475.57,,,Approve
0xed426f1ec9e3f24fdacd0e2fb300d66bbb6d7363132cc3d7c0af0f76d00b66a6,14340431,1642109653,1/13/2022 21:34,0x793293912b7084efd44710a0c80a2f587a5b3ac6,0xb5d85ca38a9cbe63156a02650884d92a6e736ddc,,0,0,0,0.00012577,0.043791856,475.57,,,Approve
0x2ae8346121b3d9de742f60d5f1c934b8f7e076350cf49f135c7a48c41924b7e9,14341284,1642112212,1/13/2022 22:16,0xd54e9019a16b355d8fcbaa4b11fc8212ebd236c5,0xb5d85ca38a9cbe63156a02650884d92a6e736ddc,,0,0,0,0.00022177,0.077218096,475.57,,,Approve
0x7d63ccdbb9879e0cc7620847a7bc2863f17cd6dbc513c8d3483bafa059755607,14342187,1642114921,1/13/2022 23:02,0xcf058b0c3908d8ea142a95521b6032e1652921cf,0xb5d85ca38a9cbe63156a02650884d92a6e736ddc,,0,0,0,0.00022177,0.077218096,475.57,,,Approve
0x15c42a21627303cad3a3bcde31a430f56d0d316e47081bfe5e373a6535976ab4,14343406,1642118578,1/14/2022 0:02,0x04744f5fb8f41be2201893bbb90ecae70af48c0a,0xb5d85ca38a9cbe63156a02650884d92a6e736ddc,,0,0,0,0.00022177,0.077218096,490.36,,,Approve
0xd1cc8f080b08c5338081f0e623b230f609f2d275ac0d60f24970eb8197dc563b,14344250,1642121113,1/14/2022 0:45,0x8aba01eb0180d4e905210f8b6075dda68e1e8672,0xb5d85ca38a9cbe63156a02650884d92a6e736ddc,,0,0,0,0.00022177,0.077218096,490.36,,,Approve
0x7d450b658ab5f55b05ec09f680c0930c34af7ec839e83bf8f90d54fb0f965b58,14345313,1642124349,1/14/2022 1:39,0x04744f5fb8f41be2201893bbb90ecae70af48c0a,0xb5d85ca38a9cbe63156a02650884d92a6e736ddc,,0,0,0,0.000075322,0.026226367,490.36,,,Approve
0x483e231f1d274ae99f85a30bd0ae33994ad8d082e0b0082b38571250ff12fc12,14345324,1642124382,1/14/2022 1:39,0x04744f5fb8f41be2201893bbb90ecae70af48c0a,0xb5d85ca38a9cbe63156a02650884d92a6e736ddc,,0,0,0,0.000128804,0.044848265,490.36,,,Approve
0x78dbe070bb79a12b843df521e2c0897c178e41ebf096fb1ee6be1793ad7e125b,14346767,1642128743,1/14/2022 2:52,0xd99022698a6ca829bcac9670557b7bd8768f3e92,0xb5d85ca38a9cbe63156a02650884d92a6e736ddc,,0,0,0,0.00022177,0.077218096,490.36,,,Approve
0x9a7f679479b531bf34684fe92416c0e526704fe08d704357ad7d1dc0973ee7f5,14346783,1642128791,1/14/2022 2:53,0xd99022698a6ca829bcac9670557b7bd8768f3e92,0xb5d85ca38a9cbe63156a02650884d92a6e736ddc,,0,0,0,0.00012577,0.043791856,490.36,,,Approve
0x0f011eb57cad3ae0e3e02c297658d16b1596f5839d7953731d9955585791d55d,14353046,1642147647,1/14/2022 8:07,0xee360206fd12f2c4e5a367c793bb8ea6a0ab7d99,0xb5d85ca38a9cbe63156a02650884d92a6e736ddc,,0,0,0,0.00022177,0.077218096,490.36,,,Approve
0xe0624dfc9c1493e8e24a3e68656987cbbbcb6279c934c60f268ca4cf4b8c1030,14354813,1642152985,1/14/2022 9:36,0xcbe25d019f1d0a3013eb2b3e4a17e6880ad2546e,0xb5d85ca38a9cbe63156a02650884d92a6e736ddc,,0,0,0,0.00022177,0.077218096,490.36,,,Approve
0x28f53e965e91b3ff79e2dda25f79421cc0692d534add296e92cf5437ea2574c4,14354872,1642153162,1/14/2022 9:39,0x5af3fa8c4463c4a55d95c831335fda00360f81d0,0xb5d85ca38a9cbe63156a02650884d92a6e736ddc,,0,0,0,0.00022177,0.077218096,490.36,,,Approve
0xea20d6c56360a3f299b97f2e2050c6efd1889f6c956a96a0a09554d0129c3406,14354874,1642153168,1/14/2022 9:39,0xffdb30a6e820f63f065622fe2ae105f9fe3f152b,0xb5d85ca38a9cbe63156a02650884d92a6e736ddc,,0,0,0,0.00022177,0.077218096,490.36,,,Approve
0x726a03870e9ab54a203374e73984a29dc06b8011f37cfb19f97d3b9d3f934400,14355674,1642155569,1/14/2022 10:19,0xfbec65e7eb8a1a537998b800601c22d000d712ae,0xb5d85ca38a9cbe63156a02650884d92a6e736ddc,,0,0,0,0.00022177,0.077218096,490.36,,,Approve
0x9cfb820edfdacbc13a51724bdd25cc610c91c3e7d19f35514f93bc0e58768c77,14355978,1642156481,1/14/2022 10:34,0x214def7d5b7f65b7cfe9f4cf42868efa9b42517e,0xb5d85ca38a9cbe63156a02650884d92a6e736ddc,,0,0,0,0.00022177,0.077218096,490.36,,,Approve
0xd955ea035219a3d76a2c7fea16262c96c3fdbedc5908731c2693e0e0229d7b09,14356417,1642157798,1/14/2022 10:56,0x2c61569026ca8da02911fd991d2ff695c435d031,0xb5d85ca38a9cbe63156a02650884d92a6e736ddc,,0,0,0,0.00022177,0.077218096,490.36,,,Approve
0x44747f73d371e60b5c3b50b1e6257e50381fc63f58d3fd76bc2944f3eb5a2580,14356585,1642158322,1/14/2022 11:05,0x8bc945b1ef5c30d80fdeb140c3ed64f8924605fa,0xb5d85ca38a9cbe63156a02650884d92a6e736ddc,,0,0,0,0.00022177,0.077218096,490.36,,,Approve
0x1475ad0d8b10038befd285a9beddaed1d2cfe0a65a8fe4be5b066aa795f8a53d,14356939,1642159384,1/14/2022 11:23,0xc267748b2be047fa54883963567b114446d12408,0xb5d85ca38a9cbe63156a02650884d92a6e736ddc,,0,0,0,0.00022177,0.077218096,490.36,,,Approve
0x67206c4efddb7ae0462a3f07b65c32b78ce6a63c788ec898c6230bd1a21194e6,14357565,1642161262,1/14/2022 11:54,0x87933c3eca70161854dd8b155c4b190ae61c89ac,0xb5d85ca38a9cbe63156a02650884d92a6e736ddc,,0,0,0,0.00022177,0.077218096,490.36,,,Approve
0xa055824e0cbbf6e757f821064e1e11101c270a9b4d882e94aa6015400ba3f7e9,14357889,1642162234,1/14/2022 12:10,0x1daee2e16ff02b1ee26bd00717e6631a72044017,0xb5d85ca38a9cbe63156a02650884d92a6e736ddc,,0,0,0,0.00022177,0.077218096,490.36,,,Approve
0xc2ef62931834c337f3996703e283b675a34f2309f221b3b96416e29a0d62a89e,14358530,1642164157,1/14/2022 12:42,0x89df67785d9c3a2b5a02e9f0e2fc47d8f436e41b,0xb5d85ca38a9cbe63156a02650884d92a6e736ddc,,0,0,0,0.00022177,0.077218096,490.36,,,Approve
0x298102230a6cc7af2e1cdaf8fc53f9fb13d38af659495d4bb7cd3355177c066d,14358784,1642164919,1/14/2022 12:55,0xb67693f90ff6d63030a36bb5d182edf9df2616fa,0xb5d85ca38a9cbe63156a02650884d92a6e736ddc,,0,0,0,0.00022177,0.077218096,490.36,,,Approve
0x7476df7d10db113203f92c0c977cfc65a2b75194ef03a589a62437715a99f077,14358940,1642165387,1/14/2022 13:03,0xffdb30a6e820f63f065622fe2ae105f9fe3f152b,0xb5d85ca38a9cbe63156a02650884d92a6e736ddc,,0,0,0,0.00018022,0.062750802,490.36,,,Transfer
0xa70c2bca14a9c18da4619863ce451346bfe5b76f8b9cee7d180a1fdc1fcb15ab,14358993,1642165546,1/14/2022 13:05,0x3fce4d7b8d17da355969e29ec7fe4d1ea3dfc0d8,0xb5d85ca38a9cbe63156a02650884d92a6e736ddc,,0,0,0,0.00022177,0.077218096,490.36,,,Approve
0x9f79c5fa80eac0e2edcfb19de72ef5b868eec6e2b1356c46e7abf3a53255b77e,14363320,1642178578,1/14/2022 16:42,0x21a06bbdbdd77ebcb0627a2e2617fb5af2b5057b,0xb5d85ca38a9cbe63156a02650884d92a6e736ddc,,0,0,0,0.00022177,0.077218096,490.36,,,Approve
0x586598ecc89366abced85dc1d1f4295478a299fa0bf93b66c6d8157a6de9c738,14363517,1642179169,1/14/2022 16:52,0x212c35d2fe5b5395a0e384d3ef0b5a5c34d79a27,0xb5d85ca38a9cbe63156a02650884d92a6e736ddc,,0,0,0,0.00022177,0.077218096,490.36,,,Approve
0x6b469f1c12815284d155cf2fc952562adaf4f007c0196b2f62082565148185f2,14363762,1642179904,1/14/2022 17:05,0x57da955f589d54ca0aed006e1cbabe77fbe82d9d,0xb5d85ca38a9cbe63156a02650884d92a6e736ddc,,0,0,0,0.00022177,0.077218096,490.36,,,Approve
0x559a90a511a25402e3c8a2c384e099309866eb014d0ca78dbe0bd85a81ba584d,14364303,1642181527,1/14/2022 17:32,0xca7499387fe16366f1d31de3ee5bb71056b43103,0xb5d85ca38a9cbe63156a02650884d92a6e736ddc,,0,0,0,0.00022177,0.077218096,490.36,,,Approve
0x4be3bc763de86532619f33f95ce16c05e7664833dc86c155ea23e1e9e8f9a915,14369601,1642197423,1/14/2022 21:57,0xd4cbd03244aba518dc4db20f614902b5c19f079c,0xb5d85ca38a9cbe63156a02650884d92a6e736ddc,,0,0,0,0.00022177,0.077218096,490.36,,,Approve
0x178e2e299a0efccfaa384953f96a008ddf4d800a6bcc6abe43af2c334591aeb5,14370612,1642200456,1/14/2022 22:47,0x6643002a5a86e7302a8cfafdd395850455a4278d,0xb5d85ca38a9cbe63156a02650884d92a6e736ddc,,0,0,0,0.00022177,0.077218096,490.36,,,Approve
0xff0559ca87ed0a19eb1c645f889754b23b1e36416f8611253d6a4a6223604b0a,14371151,1642202073,1/14/2022 23:14,0x0878708a658b48734adedbf421c7a630058ba141,0xb5d85ca38a9cbe63156a02650884d92a6e736ddc,,0,0,0,0.00022177,0.077218096,490.36,,,Approve
0xfc8a1f6e7f1d00ea3a144bca79044d3fb5729ff8ab32bb1984f48b7bc540af36,14371334,1642202622,1/14/2022 23:23,0x0878708a658b48734adedbf421c7a630058ba141,0xb5d85ca38a9cbe63156a02650884d92a6e736ddc,,0,0,0,0.000072425,0.025217661,490.36,,,Approve
0xcfacddd7a20635ebddc6efc792450200a1b452965c5401186c416d5b61cc8c85,14375433,1642214920,1/15/2022 2:48,0xab3ee4425673e4903eb4f527a47e239f01de242e,0xb5d85ca38a9cbe63156a02650884d92a6e736ddc,,0,0,0,0.00022177,0.077218096,494.66,,,Approve
0x9f84b697a5aaf72686e5979088313a344d4c75df5fb767997c49092ee7a5e310,14375991,1642216594,1/15/2022 3:16,0xe1e886d578b1ad32280b6c64ba52ed48f96c5b58,0xb5d85ca38a9cbe63156a02650884d92a6e736ddc,,0,0,0,0.00022177,0.077218096,494.66,,,Approve
0x20ebfb7adb850e4a30e9102dc3d54fb8d01c2e62ad153167a70580498993568f,14376476,1642218049,1/15/2022 3:40,0x7eee2acc10613025fde276b0b0bcb345ff7b4971,0xb5d85ca38a9cbe63156a02650884d92a6e736ddc,,0,0,0,0.00022177,0.077218096,494.66,,,Approve
0x07d2bd8b91573cd18c77ba61d68ef1d860ad52c4e54eaff832c04a5d586357c2,14378991,1642225610,1/15/2022 5:46,0xbafccfaf3194ac044e17e43ca28bb639c054775c,0xb5d85ca38a9cbe63156a02650884d92a6e736ddc,,0,0,0,0.00022177,0.077218096,494.66,,,Approve
0xfdf2ccc259cfdf10046e8dcb4e509ab8c5c62c4bad77802a425784eccf574ee7,14381341,1642232660,1/15/2022 7:44,0xc43d08e5c59cd9ce34144e337829bade934fe9da,0xb5d85ca38a9cbe63156a02650884d92a6e736ddc,,0,0,0,0.00022177,0.077218096,494.66,,,Approve
0x9db443a9c3216be1d8c2a25870c20650eb23eec49e13cb435229ce09dcbd1d69,14382376,1642235765,1/15/2022 8:36,0x59b2447469eab87b1a501c7dbea4931ddc386fde,0xb5d85ca38a9cbe63156a02650884d92a6e736ddc,,0,0,0,0.00022177,0.077218096,494.66,,,Approve
0x371c5c099041f1b77eb7ecb6ee9d67cae1b2dc3bd85c20ee4438018e8474c394,14384573,1642242356,1/15/2022 10:25,0x9accb10980d1eb996e4f17ee4fbff69bcf3f69e7,0xb5d85ca38a9cbe63156a02650884d92a6e736ddc,,0,0,0,0.00022177,0.077218096,494.66,,,Approve
0x8bf26e302dfcbaf30d7cca15f68f25699c99addd1462c2fb461b5ce22e55005a,14385618,1642245493,1/15/2022 11:18,0x7b0138c49570f78d45a07fcecc11e70e605f33db,0xb5d85ca38a9cbe63156a02650884d92a6e736ddc,,0,0,0,0.00022177,0.077218096,494.66,,,Approve
0x40d043c1d4e209d6c0e79213afa19fd2bbeacbaa28ddeff657d319f7245b5b96,14386322,1642247635,1/15/2022 11:53,0x8cf365d5d4dc7a22c65113e3a891d51771cbff11,0xb5d85ca38a9cbe63156a02650884d92a6e736ddc,,0,0,0,0.00022177,0.077218096,494.66,,,Approve
0x373f0401b4605ea13760607d0ece58bdd43fcf023e037f415fed2963b65203df,14387479,1642251109,1/15/2022 12:51,0xacb988cb8fe2364c60904b947182ac46f159b937,0xb5d85ca38a9cbe63156a02650884d92a6e736ddc,,0,0,0,0.00022177,0.077218096,494.66,,,Approve
0x99f8364727a3267653104a80d1c787cce4241e450dc795db0242a5de558ec54d,14388050,1642252829,1/15/2022 13:20,0x6750ab03c5c66513731aee42bb76d1772542e0bf,0xb5d85ca38a9cbe63156a02650884d92a6e736ddc,,0,0,0,0.00022177,0.077218096,494.66,,,Approve
0x20a63326cb39956420a3b16f62402bd36b2d6cd57f24259a45d80da4b32711c8,14388258,1642253453,1/15/2022 13:30,0x273ec095fe4c3c023b6e5d3dcd3642af950ac930,0xb5d85ca38a9cbe63156a02650884d92a6e736ddc,,0,0,0,0.00022177,0.077218096,494.66,,,Approve
0xb1c9853e1207f33125dfac9146ae1738c034bab83a4a9df216a8de51afb13c3e,14388336,1642253687,1/15/2022 13:34,0xedde5f002abfc2721d5243d0a019dffc6354c941,0xb5d85ca38a9cbe63156a02650884d92a6e736ddc,,0,0,0,0.00022177,0.077218096,494.66,,,Approve
0xb597dfc3067bd41f7342ac5e5615614d28f9933614c418a55c4a9450371fa6fe,14389917,1642258452,1/15/2022 14:54,0x6913b47bbe27dce35c0ecf5653e5b41ea4b6d401,0xb5d85ca38a9cbe63156a02650884d92a6e736ddc,,0,0,0,0.00022177,0.077218096,494.66,,,Approve
0xa56c1dc2c04b358313fcb45496ca1e98df541da5f2f905611053c07c98c81b36,14390209,1642259328,1/15/2022 15:08,0xdc9f5faea92b6e02f03d74bcb36b6768c0159a8b,0xb5d85ca38a9cbe63156a02650884d92a6e736ddc,,0,0,0,0.00022177,0.077218096,494.66,,,Approve
0x0a9d7534268711794c2bd3cab8304ef60fdbcc65cf06d4bb230d53838dcc4c00,14392892,1642267382,1/15/2022 17:23,0x0878708a658b48734adedbf421c7a630058ba141,0xb5d85ca38a9cbe63156a02650884d92a6e736ddc,,0,0,0,0.00022177,0.077218096,494.66,,,Approve
0xe05110783d38921ba552e0798ec157b77349c62c57e1f4e144bb3f795525cf4f,14392940,1642267526,1/15/2022 17:25,0x534b80741f1824643668ef8dcf5101c6028f0189,0xb5d85ca38a9cbe63156a02650884d92a6e736ddc,,0,0,0,0.00022177,0.077218096,494.66,,,Approve
0x830ce8e5f543341ab0f1e059945715ad85e7326107b1cd31fd10f56dd212b1b0,14392952,1642267562,1/15/2022 17:26,0x0878708a658b48734adedbf421c7a630058ba141,0xb5d85ca38a9cbe63156a02650884d92a6e736ddc,,0,0,0,0.000072425,0.025217661,494.66,,,Approve
0x04838d71f972c4f73e459e137f57718da856ba0936a62ef400777d0fd886a4b0,14393682,1642269752,1/15/2022 18:02,0xb732f2e409ef7c5fc1865943f26b35e160384f73,0xb5d85ca38a9cbe63156a02650884d92a6e736ddc,,0,0,0,0.00022177,0.077218096,494.66,,,Approve
0x4f79c7eab92d66c06baaf1e89d541e0c85dfc0d3c4edb43561cfc71b65db45f1,14394667,1642272736,1/15/2022 18:52,0x3ac1921701fd9cf3cb02a89d986c8bebe916dbec,0xb5d85ca38a9cbe63156a02650884d92a6e736ddc,,0,0,0,0.00022177,0.077218096,494.66,,,Approve
0x4e8a0e86309b548528c02e94cdbbff09dfe87e689a412b892a0027e621d12c80,14394960,1642273687,1/15/2022 19:08,0x96ff19265f481766f1048b30eb3e5be540f93aee,0xb5d85ca38a9cbe63156a02650884d92a6e736ddc,,0,0,0,0.00022177,0.077218096,494.66,,,Approve
0x6bdb336fd53c8f9f4425f046c9a074e0279a3ba3398faf99387c64d9da54342e,14395220,1642274474,1/15/2022 19:21,0x6bd28ed500d3d8c6b674a8f55aea5fa6a308f4d5,0xb5d85ca38a9cbe63156a02650884d92a6e736ddc,,0,0,0,0.00022177,0.077218096,494.66,,,Approve
0x0195b643e19816a9c6b524d2036ec54b74dbca303f8b36de518dc088444cf421,14397281,1642280657,1/15/2022 21:04,0xd4105c56dcd0497b3b220eb2fc88022465717a2f,0xb5d85ca38a9cbe63156a02650884d92a6e736ddc,,0,0,0,0.00022177,0.077218096,494.66,,,Approve
0xdb32b393281e740e50ce9b1f2485a56c59567c3c52eb67e72fdc49ae3ef1cfb6,14397362,1642280900,1/15/2022 21:08,0xc1426ef920ecce5372c6c69ecdcea0fff61e8b85,0xb5d85ca38a9cbe63156a02650884d92a6e736ddc,,0,0,0,0.00022177,0.077218096,494.66,,,Approve
0xda89e331a18b28dd6ec17ca26770fcb2d95a532114dae0eb63b5ca67d3e7d097,14397686,1642281872,1/15/2022 21:24,0x7a8c44883c2048f9d2a828679d518bdc6bacfdea,0xb5d85ca38a9cbe63156a02650884d92a6e736ddc,,0,0,0,0.000072425,0.025217661,494.66,,,Approve
0x5be7adc8951c477ad82a46fb516b02c80b9f90a7a2d85a8169ab12ead5f9dd47,14397691,1642281887,1/15/2022 21:24,0x7a8c44883c2048f9d2a828679d518bdc6bacfdea,0xb5d85ca38a9cbe63156a02650884d92a6e736ddc,,0,0,0,0.00012385,0.043123332,494.66,,,Approve
0x0903cce601eb4d758b60313511828e10d32f499da65de02d6a5c399364983564,14399005,1642285952,1/15/2022 22:32,0xba713d8638c2b6790a58c683927bad6a39b68407,0xb5d85ca38a9cbe63156a02650884d92a6e736ddc,,0,0,0,0.00022177,0.077218096,494.66,,,Approve
0x83484db8a129921363f86dd6bfce76a02379916fd162c0c4b305fffbb19e7272,14399977,1642288868,1/15/2022 23:21,0xafc87b3d801119dee44ededb1e86faad914f8d4b,0xb5d85ca38a9cbe63156a02650884d92a6e736ddc,,0,0,0,0.00022177,0.077218096,494.66,,,Approve
0xc2087a3dec60d0d589bdc9d900a3a86cbe2e1fca5df9e077d2a0be00db7e7694,14400290,1642289807,1/15/2022 23:36,0xe868c3064b3ec6385b0e54142a5dcb6b1d825054,0xb5d85ca38a9cbe63156a02650884d92a6e736ddc,,0,0,0,0.00022177,0.077218096,494.66,,,Approve
0xf44dfed8c08412ae48b88ed7f07f42f66f01603323cbf860e4b42e37676f0357,14400296,1642289825,1/15/2022 23:37,0xe868c3064b3ec6385b0e54142a5dcb6b1d825054,0xb5d85ca38a9cbe63156a02650884d92a6e736ddc,,0,0,0,0.00012577,0.043791856,494.66,,,Approve
0xb7bb1e6ef6729cbdd3f63279320daeb762046bc1b114cca7553b1ba271645917,14401711,1642294072,1/16/2022 0:47,0x16441cc86ba6a0cca141ad6091eeccb19443f6f5,0xb5d85ca38a9cbe63156a02650884d92a6e736ddc,,0,0,0,0.00022177,0.077218096,498.67,,,Approve
0x126eec457ff38ddafc58da424f976c1409634a498323130d577690496aaf879d,14403749,1642300186,1/16/2022 2:29,0xb8ba6df6d552b545955b1cff8dcf4a2a5c5cdaef,0xb5d85ca38a9cbe63156a02650884d92a6e736ddc,,0,0,0,0.00022177,0.077218096,498.67,,,Approve
0x0c068b9702122e239b99bef06f89c55d51703f8e021c039528662c8182b7d977,14407857,1642312511,1/16/2022 5:55,0x0efbc823ef46dfddbc818c64bef17b4f2b95cf9d,0xb5d85ca38a9cbe63156a02650884d92a6e736ddc,,0,0,0,0.00022177,0.077218096,498.67,,,Approve
0x4b6ae2452ad4400a8e3116e12dc5c94b52da16c6dd1451c573801f0f407ceb08,14410152,1642319396,1/16/2022 7:49,0xb5dbde07e3f9ae85bd9bb08d5df000a722aabee1,0xb5d85ca38a9cbe63156a02650884d92a6e736ddc,,0,0,0,0.00022177,0.077218096,498.67,,,Approve
0xef1d5a09cfb02d9872c848fd6752e5e61443db146f22e52a5eb71c49f6a5135c,14411990,1642324912,1/16/2022 9:21,0xa8815cf3c1615815048bb1768e91e3737ed989e3,0xb5d85ca38a9cbe63156a02650884d92a6e736ddc,,0,0,0,0.00022177,0.077218096,498.67,,,Approve
0x179c3e5cf245be0f5e594ac539cd5fb50cf1ae803dd45c01b2d762443a6ca453,14413032,1642328053,1/16/2022 10:14,0xba713d8638c2b6790a58c683927bad6a39b68407,0xb5d85ca38a9cbe63156a02650884d92a6e736ddc,,0,0,0,0.00022177,0.077218096,498.67,,,Approve
0x8358e39e9377f1cbfa6df5c5aa6e382ea1adcf0e67a80960d271df164fd6ab06,14413135,1642328362,1/16/2022 10:19,0x47ef0959557920bd9faf1c88d886589b23b30309,0xb5d85ca38a9cbe63156a02650884d92a6e736ddc,,0,0,0,0.00022177,0.077218096,498.67,,,Approve
0xd0f42a4bcc1219e603f6cc83eaa2edf0214f260191898263b77caac73370a1cf,14414487,1642332422,1/16/2022 11:27,0xf1a77573c004862234d3c2b377d9ec8f97a03f19,0xb5d85ca38a9cbe63156a02650884d92a6e736ddc,,0,0,0,0.00022177,0.077218096,498.67,,,Approve
0xcbdc55690859018be943b929e759e1f7400b7988133e9e15edd304095e7669b1,14416662,1642338978,1/16/2022 13:16,0x6dd6c316c42106ad61f1c04748246af756d5e95f,0xb5d85ca38a9cbe63156a02650884d92a6e736ddc,,0,0,0,0.00022177,0.077218096,498.67,,,Approve
0x6588a4946e03993ecb1db4c83e4fc2943f252e49c34950e605cba72b338abeee,14417151,1642340445,1/16/2022 13:40,0xe71238050736b0156a5d71f5871764348b829531,0xb5d85ca38a9cbe63156a02650884d92a6e736ddc,,0,0,0,0.00022177,0.077218096,498.67,,,Approve
0x04c30f9d61f01fc99c2207df3c1f30d293d50c4cb9e1f7afc201e1acd8f20bc0,14417168,1642340496,1/16/2022 13:41,0xb518c2bd2514ba42d0d77d37c3b7436552b8397d,0xb5d85ca38a9cbe63156a02650884d92a6e736ddc,,0,0,0,0.00022177,0.077218096,498.67,,,Approve
0xc92f6d90addde66b180b08ab6b6e255a0ff49191df0efa1b00bd0de63103b6d7,14417876,1642342620,1/16/2022 14:17,0xee93e5e3d3322d0cd8623b0da5ba9227df7f8ae4,0xb5d85ca38a9cbe63156a02650884d92a6e736ddc,,0,0,0,0.00022177,0.077218096,498.67,,,Approve
0x914c66494ad20c30e13a14bfcbd9b120289fc013a1d0db589b2d47679d941c6d,14418231,1642343690,1/16/2022 14:34,0x43908eccdde1dd6aac91890471876ab83a4f8245,0xb5d85ca38a9cbe63156a02650884d92a6e736ddc,,0,0,0,0.00022177,0.077218096,498.67,,,Approve
0x567336acfbc8cb3402fb091e30d36bc6d1e6b74969ba58a46f68e3dd27c161bc,14421563,1642353823,1/16/2022 17:23,0x37c5fae632c97dfc6ab83a65a5e9d920414d0217,0xb5d85ca38a9cbe63156a02650884d92a6e736ddc,,0,0,0,0.00022177,0.077218096,498.67,,,Approve
0xb75180866ce83f8c3f060e1b4f20e08e4013708e816e6135f516a300fa6a5b90,14424344,1642362202,1/16/2022 19:43,0x425f426d07dade808140f3818976bffbf343fca1,0xb5d85ca38a9cbe63156a02650884d92a6e736ddc,,0,0,0,0.00022177,0.077218096,498.67,,,Approve
0xa895cd0b9dfda0696b0954c8dc122f45d0301be3862fe72d9fd09cd0b5c2fb98,14424438,1642362484,1/16/2022 19:48,0xcfb4950ba834f122b732a05c7b654f70313ce2b3,0xb5d85ca38a9cbe63156a02650884d92a6e736ddc,,0,0,0,0.00022177,0.077218096,498.67,,,Approve
0x684c34b051539c998db94509dc7cc5198d917ff5a4c63e664e242550f74da829,14425093,1642364449,1/16/2022 20:20,0xed618cff31605a73c2c3d261437c907f2957079b,0xb5d85ca38a9cbe63156a02650884d92a6e736ddc,,0,0,0,0.00022177,0.077218096,498.67,,,Approve
0xc1c1c324b8b1c4c75706a543bcf65929a8c9cef101d14744081e25f749759556,14425753,1642366429,1/16/2022 20:53,0xce748f49b1acee9d038c12a4cd43053b5d476d95,0xb5d85ca38a9cbe63156a02650884d92a6e736ddc,,0,0,0,0.00022177,0.077218096,498.67,,,Approve
0x88b4de13b636dd0af16e1736ec554583ab9990063b678a3cf37526bdc39c79a4,14426109,1642367497,1/16/2022 21:11,0xe7fcbb38db770c7d8043170337dc2b9fc62627ee,0xb5d85ca38a9cbe63156a02650884d92a6e736ddc,,0,0,0,0.00022177,0.077218096,498.67,,,Approve
0xf81fec0d2a6f276440436c1cc081d7ef4334dd28c68ddc221e4690c36c04e91b,14426365,1642368265,1/16/2022 21:24,0x873dca1c6406f141e8e76024e383d2d5e895c533,0xb5d85ca38a9cbe63156a02650884d92a6e736ddc,,0,0,0,0.00022177,0.077218096,498.67,,,Approve
0x49680f5c0c8f92f667bf7285c9db51996338a1b71d20037b58f30797b6b57cd0,14427893,1642372849,1/16/2022 22:40,0x0951a927865a4a2bef1efdfc1e8f71185ba7d163,0xb5d85ca38a9cbe63156a02650884d92a6e736ddc,,0,0,0,0.00022177,0.077218096,498.67,,,Approve
0x2e51d6cd381983ea1c56284221ef18eb184af337f75d79b14bb0acfd1b653f3a,14433281,1642389155,1/17/2022 3:12,0x0590f20a7f1b6799979d2d59d10242e1081d8d9c,0xb5d85ca38a9cbe63156a02650884d92a6e736ddc,,0,0,0,0.00022177,0.077218096,475.45,,,Approve
0x5b4f88fb0d890b1f3c98eeacdc57ab359472705e9baa178ea2496356dbb00a15,14434127,1642391724,1/17/2022 3:55,0xbc7c98bd8c68dd4697622af3348de6c2aabc8736,0xb5d85ca38a9cbe63156a02650884d92a6e736ddc,,0,0,0,0.00022177,0.077218096,475.45,,,Approve
0xf369f3d5614e4fc39492a3ae28f5167e799fd89d6b5dd741cd9e986ab79f7d6e,14434255,1642392108,1/17/2022 4:01,0x58c537ae3995369ff2f191fd7d240ad9b4c7e7d1,0xb5d85ca38a9cbe63156a02650884d92a6e736ddc,,0,0,0,0.00022177,0.077218096,475.45,,,Approve
0x03be3fcb7e9da4daaa05b96c0f28e14d3b65e7d1192458bac7365963a5f75fa9,14434463,1642392734,1/17/2022 4:12,0x11e958db4f2a6d9d1347d6ade8bdbd7eec319f5e,0xb5d85ca38a9cbe63156a02650884d92a6e736ddc,,0,0,0,0.00022177,0.077218096,475.45,,,Approve
0x88ac37bc912ef423b2fec7b9cd2b84d8d83013003d034a1ec86109c33183849d,14434695,1642393430,1/17/2022 4:23,0x75af32310985f9e91801ad58165e3eb766cb903b,0xb5d85ca38a9cbe63156a02650884d92a6e736ddc,,0,0,0,0.00022177,0.077218096,475.45,,,Approve
0xf992423b39e08083213f03de933da921dd9310b1f364ee61897c36a32f7b9031,14435717,1642396499,1/17/2022 5:14,0x6d7ed0da2acaa2a047630ea1741537b6f2181806,0xb5d85ca38a9cbe63156a02650884d92a6e736ddc,,0,0,0,0.00022177,0.077218096,475.45,,,Approve
0x3f74a48615fafc446384e7fa298c7ed85e15e657f4359c1fe8d840e494f72bff,14436745,1642399596,1/17/2022 6:06,0x9dfb6db2683c6d5ea6b3a1de053ee43f9136d752,0xb5d85ca38a9cbe63156a02650884d92a6e736ddc,,0,0,0,0.000266124,0.092661716,475.45,,,Approve
0x203b1df1b9ae9117947c1392bdcc88f164df3beb388b51c863f3ebadb4525008,14436841,1642399924,1/17/2022 6:12,0xc4654da314f77f42560c34ce6eb0285b87533002,0xb5d85ca38a9cbe63156a02650884d92a6e736ddc,,0,0,0,0.00022177,0.077218096,475.45,,,Approve
0x7cb9a72800abf32702ed676992c829e4ea818f514ed1a5951e47039dc09362d1,14438016,1642403514,1/17/2022 7:11,0xe6a4f36588810b835b64ea50ab348e13ac5c9b03,0xb5d85ca38a9cbe63156a02650884d92a6e736ddc,,0,0,0,0.00022177,0.077218096,475.45,,,Approve
0x75f439e9379ddcb237b87e622e23fad3ef9487fbb7dfbf3cd6dba62e6dab7530,14438595,1642405251,1/17/2022 7:40,0xc43d08e5c59cd9ce34144e337829bade934fe9da,0xb5d85ca38a9cbe63156a02650884d92a6e736ddc,,0,0,0,0.00022177,0.077218096,475.45,,,Approve
0x6dafce928a711aebae8ee8bfb9304c9972253d405c3d7c4cf61980d410a1b650,14439013,1642406505,1/17/2022 8:01,0xf1f257f462d601e83ada1adac4c73e35444cf721,0xb5d85ca38a9cbe63156a02650884d92a6e736ddc,,0,0,0,0.00022177,0.077218096,475.45,,,Approve
0x1f8a5500c12e3e2ec1749f8c6675a9c033c4a2ffea9ca33d60efb0a76a69df3d,14440030,1642409558,1/17/2022 8:52,0xd52742ac0b06b858c36c2052e883a1ad8fa1d9fd,0xb5d85ca38a9cbe63156a02650884d92a6e736ddc,,0,0,0,0.00022177,0.077218096,475.45,,,Approve
0x82e55472f7a44a7dc88b72c967878aec7be789e56b47a21785749ed1867be2cf,14440153,1642409927,1/17/2022 8:58,0xa838809f61c9244d0842450244e9beb648c97100,0xb5d85ca38a9cbe63156a02650884d92a6e736ddc,,0,0,0,0.00022177,0.077218096,475.45,,,Approve
0x28d8e894448e271de6f0c3b6dda760f03103eb5600fb44e8df9159a81a3b019b,14443259,1642419260,1/17/2022 11:34,0x06c94de0350e10973dcdc4199ac119226f6b07d4,0xb5d85ca38a9cbe63156a02650884d92a6e736ddc,,0,0,0,0.00022177,0.077218096,475.45,,,Approve
0x042fa300104f2b04bd1fb52039c5102d04bae9b9a738f2827348f5029f122db9,14444087,1642421798,1/17/2022 12:16,0x3dc66b2bbb8415f6ef99e409ae390d302c0cb570,0xb5d85ca38a9cbe63156a02650884d92a6e736ddc,,0,0,0,0.00022177,0.077218096,475.45,,,Approve
0xc3da116622cca30b0fbe8d542a7639acda5f153662734eec93e8b1717644e4c2,14444610,1642423431,1/17/2022 12:43,0x43908eccdde1dd6aac91890471876ab83a4f8245,0xb5d85ca38a9cbe63156a02650884d92a6e736ddc,,0,0,0,0.00022177,0.077218096,475.45,,,Approve
0x499ca3971df1a0374fcb620ffc85977a6b7aaddce0b62bd2d7b51ecd243f21f7,14444666,1642423599,1/17/2022 12:46,0xec4317dd6d90c83777d809a69eb5079352fe76b3,0xb5d85ca38a9cbe63156a02650884d92a6e736ddc,,0,0,0,0.00022177,0.077218096,475.45,,,Approve
0xc3517eb9254cd1e1770a448d7bb7c9dbf35208d065b61446db6345400687ffc1,14444785,1642423956,1/17/2022 12:52,0xcd1550d699d7df48002c42a04517ee69bc07cc27,0xb5d85ca38a9cbe63156a02650884d92a6e736ddc,,0,0,0,0.00022177,0.077218096,475.45,,,Approve
0x020339185bc614a7e66dd9b38d1fa624acd994fa9b5cf880a3be1adc3d414155,14445326,1642425579,1/17/2022 13:19,0x1519da6ebafd05e6906c16c529d05477d2c2618c,0xb5d85ca38a9cbe63156a02650884d92a6e736ddc,,0,0,0,0.00022177,0.077218096,475.45,,,Approve
0xe239692843767faa51da27efab0a2cfef923b07a7c6ceca3f7c43a69b09c36d2,14446043,1642427743,1/17/2022 13:55,0xe9d94dbd538929b1c744f54924354df3c9d1a55c,0xb5d85ca38a9cbe63156a02650884d92a6e736ddc,,0,0,0,0.00022177,0.077218096,475.45,,,Approve
0x3a912e81199f09fa3149014a55191625d702756cc7eaec25736512d1b07bce17,14446854,1642430185,1/17/2022 14:36,0x48a16aefc6b19c822a7dca55349151d12a0eecad,0xb5d85ca38a9cbe63156a02650884d92a6e736ddc,,0,0,0,0.00022177,0.077218096,475.45,,,Approve
0xca34b0c5b84e0ec1b03ca49b3640a991fb5640a154e72f67d73a3c2ff300fb11,14448674,1642435889,1/17/2022 16:11,0x16f5d8809d2030f024a75c5060e9370ecfa2165b,0xb5d85ca38a9cbe63156a02650884d92a6e736ddc,,0,0,0,0.00022177,0.077218096,475.45,,,Approve
0x5953a9b3bab8bcd55c9029cbdebd44d30bb3ee3e68d00516803c96d13d8b0e65,14449396,1642438125,1/17/2022 16:48,0x01f127e0e48a9c4a01f87f3699be07bb997bf7c7,0xb5d85ca38a9cbe63156a02650884d92a6e736ddc,,0,0,0,0.00022177,0.077218096,475.45,,,Approve
0x0817db38fcecef82dbacf300f6216950e1bd6e38d4b54612d426a14ecb306046,14451790,1642445338,1/17/2022 18:48,0xa8497a9b3848b2f648b386b9ded6ab3fbf59303d,0xb5d85ca38a9cbe63156a02650884d92a6e736ddc,,0,0,0,0.00022177,0.077218096,475.45,,,Approve
0x12e3f82c1d094bea1b39cecf2c81759d7d3211555a1ff8b8e6fafbe759a4427d,14458024,1642464235,1/18/2022 0:03,0x0a93149115da5b0f6499f1e2b33f2cb87a27bb53,0xb5d85ca38a9cbe63156a02650884d92a6e736ddc,,0,0,0,0.00022177,0.077218096,471.43,,,Approve
0x2c621612f7ebf325faafafbfa0369087f8953696f116b94f2111f92f53b81809,14459554,1642468843,1/18/2022 1:20,0xe390aeb4321279af4cdd89e6cdf2ee0528d935f4,0xb5d85ca38a9cbe63156a02650884d92a6e736ddc,,0,0,0,0.00022177,0.077218096,471.43,,,Approve
0xccbbe2fa5d273c52c52f3400d85d6fe1fd3170b9541eedf48234c2f4bdb1388f,14460788,1642472571,1/18/2022 2:22,0x8d2f42ec1ee73574f79be036a408931542a4b268,0xb5d85ca38a9cbe63156a02650884d92a6e736ddc,,0,0,0,0.00022177,0.077218096,471.43,,,Approve
0xc7efaef260f34c8e1bc1b324336ad010bf12a3ceb68ed7fbcf00a0ed09221c56,14461118,1642473566,1/18/2022 2:39,0xa1a036eaf3b83f09f636d6f1c32cf56e8ab9da96,0xb5d85ca38a9cbe63156a02650884d92a6e736ddc,,0,0,0,0.000237516,0.082700581,471.43,,,Approve
0xeaa60a043d477e3631f2f90d1e550881743dec08bc0e53cec0944a488e1adaff,14463499,1642480753,1/18/2022 4:39,0x67833e2f85eaaf01dc0651df046d8dc94aab5d32,0xb5d85ca38a9cbe63156a02650884d92a6e736ddc,,0,0,0,0.00022177,0.077218096,471.43,,,Approve
0x6bbffacfe771ccb58376c1a57ce1a674495c62be5b781856d34d717125e22d3d,14465416,1642486586,1/18/2022 6:16,0xfb6da767c9c0bc533c9dbad31b0c97422ad234c1,0xb5d85ca38a9cbe63156a02650884d92a6e736ddc,,0,0,0,0.00022177,0.077218096,471.43,,,Approve
0x112ad095dbd2524b0e5aea0a3a454526270a63bbb4afacab77226e8eb1cd2daa,14465423,1642486607,1/18/2022 6:16,0xfb6da767c9c0bc533c9dbad31b0c97422ad234c1,0xb5d85ca38a9cbe63156a02650884d92a6e736ddc,,0,0,0,0.00012577,0.043791856,471.43,,,Approve
0xb694e1369dc7e7cd9fa42567c2d0573d61a93703db8af2966c5fa8712cd1a490,14465758,1642487620,1/18/2022 6:33,0x9a0b797e017e849719013e7a5ea3b4fc07171136,0xb5d85ca38a9cbe63156a02650884d92a6e736ddc,,0,0,0,0.00022177,0.077218096,471.43,,,Approve
0xca9367d7c86900de0cec98403f0a388dd52fcb2b4f9738112db8a495e8a0f783,14466547,1642489997,1/18/2022 7:13,0x81f1719c31878fa1255398df4f5fe78a04af5a7a,0xb5d85ca38a9cbe63156a02650884d92a6e736ddc,,0,0,0,0.000237516,0.082700581,471.43,,,Approve
0x5920de30b127f4225ef9ff84e4edc97fe2ccd74212537b38a772e8a245b8a801,14468587,1642496138,1/18/2022 8:55,0xee608a79adaf1c4fc1415092896d58471ef28480,0xb5d85ca38a9cbe63156a02650884d92a6e736ddc,,0,0,0,0.000262475,0.09139117,471.43,,,Sync
0xbc38f3f2290ff30cc8b92495b190d959fe4ed7b35c62d7435d2506d73f508558,14468895,1642497062,1/18/2022 9:11,0xb5f889e9e596ed05418189621029b02707bb2884,0xb5d85ca38a9cbe63156a02650884d92a6e736ddc,,0,0,0,0.00022177,0.077218096,471.43,,,Approve
0x0a9c706cf5212ae5ae34203a3db063b83464d17b320d13ff621565ae27a43300,14471387,1642504644,1/18/2022 11:17,0x7a8c44883c2048f9d2a828679d518bdc6bacfdea,0xb5d85ca38a9cbe63156a02650884d92a6e736ddc,,0,0,0,0.00022177,0.077218096,471.43,,,Approve
0x66b5c2ecd2f650df671614dfcad3063bef9510d16c82781eb9d09abd1f7d4bcc,14488520,1642556899,1/19/2022 1:48,0xab3ee4425673e4903eb4f527a47e239f01de242e,0xb5d85ca38a9cbe63156a02650884d92a6e736ddc,,0,0,0,7.67705E-05,0.02673072,462.11,,,Approve
0xf617e3f5214b3a8d94923eb3054321e55042c1ef4680b66a8a26a028e7976d0e,14494662,1642575417,1/19/2022 6:56,0x22216a348647a297089970dfad28064babf01495,0xb5d85ca38a9cbe63156a02650884d92a6e736ddc,,0,0,0,0.00066531,0.231654289,462.11,,,Approve
0x715ad07a33e5103d25cf6e374d321a70427941c8cd131f811a565faeda97b56d,14497924,1642585223,1/19/2022 9:40,0x22216a348647a297089970dfad28064babf01495,0xb5d85ca38a9cbe63156a02650884d92a6e736ddc,,0,0,0,0.00022057,0.076800268,462.11,,,Approve
0x344101268d54b644c127667b71c5934728b9d39045cc8f47420a5469de9d54ba,14501482,1642595904,1/19/2022 12:38,0xfd3002ce12d81c4e5f62b97f3c72f18122291a65,0xb5d85ca38a9cbe63156a02650884d92a6e736ddc,,0,0,0,0.00022045,0.076758486,462.11,,,Approve
0xc4d7b5b18e9e4e695f08200af0f149e62703d2fd5457c420bb03cf952d272b17,14516545,1642641411,1/20/2022 1:16,0x5d998481c4653e0e39950994d06b0c6a91c1e786,0xb5d85ca38a9cbe63156a02650884d92a6e736ddc,,0,0,0,0.00022177,0.077218096,440.34,,,Approve
0xfc484ecddc8937aff06912de588e8c743d6d02ed411b45af94a98dc5e24a0d87,14528968,1642678681,1/20/2022 11:38,0x7a8c44883c2048f9d2a828679d518bdc6bacfdea,0xb5d85ca38a9cbe63156a02650884d92a6e736ddc,,0,0,0,0.000072425,0.025217661,440.34,,,Approve
0x855059c5ddf265d495881e5e93b42e274baf6f84175ca0954b73f4a313c02bc8,14631935,1642988331,1/24/2022 1:38,0x0f0099d3550cbd73eb54d1c69511d72d97728a60,0xb5d85ca38a9cbe63156a02650884d92a6e736ddc,,0,0,0,0.00022177,0.077218096,371.68,,,Approve
0x918302440ccb3e93cbe69fceeea97febe109f55e053cc358c703e7ef943f0f00,14647808,1643035996,1/24/2022 14:53,0x16a008a9c5e999fe04cfefafd060b3fcd7967af7,0xb5d85ca38a9cbe63156a02650884d92a6e736ddc,,0,0,0,0.00022177,0.077218096,371.68,,,Approve
0x66f03d279726658deb6235ef20a98279db58036f5036bf76ff1d9d14e26745c2,15043272,1644224245,2/7/2022 8:57,0xba713d8638c2b6790a58c683927bad6a39b68407,0xb5d85ca38a9cbe63156a02650884d92a6e736ddc,,0,0,0,0.000072425,0.025217661,433.75,,,Approve
0xefb44ce79b2fbb734f23432db93361dffbd9d4e51cda13ea444f22bab21c4e85,15043281,1644224272,2/7/2022 8:57,0xba713d8638c2b6790a58c683927bad6a39b68407,0xb5d85ca38a9cbe63156a02650884d92a6e736ddc,,0,0,0,0.000072425,0.025217661,433.75,,,Approve
0x62da1721f9e9a4dc0bdca9bafac147ef18f8dcb8fb14dcd1f9df8ea9054fd029,15486657,1645557827,2/22/2022 19:23,0xf2c3b0e53a9224d041e20b13d4f99b68cf62c5e0,0xb5d85ca38a9cbe63156a02650884d92a6e736ddc,,0,0,0,0.000072425,0.025217661,374.49,,,Approve
