"Txhash","Blockno","UnixTimestamp","DateTime","From","To","ContractAddress","Value_IN(BNB)","Value_OUT(BNB)","CurrentValue @ $364.29/BNB","TxnFee(BNB)","TxnFee(USD)","Historical $Price/BNB","Status","ErrCode","Method"
"0x86148448c0b340a9317374e38707f1eecd02576c4fe9541eaa65c204702588f3","14283366","1641938168","2022-01-11 21:56:08","0x2a479056fac97b62806cc740b11774e6598b1649","0x290e1ad05b4d906b1e65b41e689fc842c9962825","","0","0","0","0.00022177","0.0807885933","463.38","","","Approve",""
"0xd2bb61295841ecb4837d8fc27e8385e0a19426f07086ade553a0a6cf61cf8b75","14283511","1641938603","2022-01-11 22:03:23","0x73187fdffc76559cbebe05d6258af35d64b67743","0x290e1ad05b4d906b1e65b41e689fc842c9962825","","0","0","0","0.00022177","0.0807885933","463.38","","","Approve",""
"0x2128107eddbaa19711565a95a491b728106755fde554b2484699ccf2270cb9d8","14283582","1641938816","2022-01-11 22:06:56","0x87f39942fff768b99d648efb8800a3502204fff2","0x290e1ad05b4d906b1e65b41e689fc842c9962825","","0","0","0","0.00022177","0.0807885933","463.38","","","Approve",""
"0x75faf28b6e8acf5fe4a6fca5889b2a574a9c49727211ab88f6f15a0c398ac11f","14283804","1641939482","2022-01-11 22:18:02","0x73187fdffc76559cbebe05d6258af35d64b67743","0x290e1ad05b4d906b1e65b41e689fc842c9962825","","0","0","0","0.000072425","0.02638370325","463.38","","","Approve",""
"0x51d48cfef5106fe9820633511d21f1786ca10d2344dde243db8e17558b5bd6ca","14283819","1641939527","2022-01-11 22:18:47","0x73187fdffc76559cbebe05d6258af35d64b67743","0x290e1ad05b4d906b1e65b41e689fc842c9962825","","0","0","0","0.00012385","0.0451173165","463.38","","","Approve",""
"0xe22228fa5b7c85a6a5727291264f3d1880c38b0f92f9621494429327d29b9314","14283830","1641939560","2022-01-11 22:19:20","0x73187fdffc76559cbebe05d6258af35d64b67743","0x290e1ad05b4d906b1e65b41e689fc842c9962825","","0","0","0","0.00012385","0.0451173165","463.38","","","Approve",""
"0x184b74956eda4c045cfe7a982f53af1aa80760a30196b7ad2ed13cd57ed08b40","14283998","1641940064","2022-01-11 22:27:44","0x7567dee7d5199f03e1490f43e8d8c68bce58fff3","0x290e1ad05b4d906b1e65b41e689fc842c9962825","","0","0","0","0.00022177","0.0807885933","463.38","","","Approve",""
"0xed1fa8d6b3f63343097ed2cfbb93069c01a69788c2b6731e16cdd90183eca4ee","14284836","1641942587","2022-01-11 23:09:47","0x9dd7a61d96da719d5966912315d763c13f21caae","0x290e1ad05b4d906b1e65b41e689fc842c9962825","","0","0","0","0.00022177","0.0807885933","463.38","","","Approve",""
"0x6f30bc90979282f250e9eee52a991d6cca6b6b8646c446c13645fe036bb2d9d2","14285529","1641944672","2022-01-11 23:44:32","0x55b4a6820f13688c734e0e9142e1cf63bc526661","0x290e1ad05b4d906b1e65b41e689fc842c9962825","","0","0","0","0.00022177","0.0807885933","463.38","","","Approve",""
"0x97618d0fb52540bc6f45948df106c028b0b1114d192528516dc6eaacd93e7a62","14286824","1641948559","2022-01-12 00:49:19","0xb79252042f6639d02025ec881d52434cbe8cfb70","0x290e1ad05b4d906b1e65b41e689fc842c9962825","","0","0","0","0.00022177","0.0807885933","487.51","","","Approve",""
"0xb9935de2536428aaf03809fa9139ed1b74a2960dcea3647053dd2aadd6f55d9c","14286882","1641948733","2022-01-12 00:52:13","0xb79252042f6639d02025ec881d52434cbe8cfb70","0x290e1ad05b4d906b1e65b41e689fc842c9962825","","0","0","0","0.00012577","0.0458167533","487.51","","","Approve",""
"0xc9cc13ad1195e969372a6800f9047c6b788e2f95e4ee97118c2b1fe1a0f57c0f","14288759","1641954364","2022-01-12 02:26:04","0x2b9960d1575db279cd6818f119d20a56a9feca75","0x290e1ad05b4d906b1e65b41e689fc842c9962825","","0","0","0","0.00022177","0.0807885933","487.51","","","Approve",""
"0x7fd1edaefb86fe4992bd042c863d843017fcdcbd64b81649de56954b849ad68f","14291530","1641962683","2022-01-12 04:44:43","0xacf729aa410479ba861fa30474b6d2201c21a9a2","0x290e1ad05b4d906b1e65b41e689fc842c9962825","","0","0","0","0.00022177","0.0807885933","487.51","","","Approve",""
"0x34a5374656b750ada86ee287d0c1c8f97ff954f6c0b70a5c940479f8ae2f163c","14291537","1641962704","2022-01-12 04:45:04","0xacf729aa410479ba861fa30474b6d2201c21a9a2","0x290e1ad05b4d906b1e65b41e689fc842c9962825","","0","0","0","0.00012577","0.0458167533","487.51","","","Approve",""
"0xa117615ef68baabd2c9f9155d00cad4bc90231ef8e9e04029a7394191338e1aa","14294156","1641970563","2022-01-12 06:56:03","0xca5c14bda6cc36a1046065b7f216f885e27a1a24","0x290e1ad05b4d906b1e65b41e689fc842c9962825","","0","0","0","0.00022177","0.0807885933","487.51","","","Approve",""
"0x53235d6687dd7c894ec551ea1b6e8273446d275e50a92827b922aa722ba39117","14297361","1641980187","2022-01-12 09:36:27","0x52af411f863fd97419b6e4decb3a68ffa9246806","0x290e1ad05b4d906b1e65b41e689fc842c9962825","","0","0","0","0.00022177","0.0807885933","487.51","","","Approve",""
"0x6d0aaedb8b952245fcfcf8732fa52021eb1ca1ad62b409640f6991d2e2eb82f4","14299662","1641987194","2022-01-12 11:33:14","0x35b94f0e9aa2a93e1617ef54a586e1edfe193a32","0x290e1ad05b4d906b1e65b41e689fc842c9962825","","0","0","0","0.00022177","0.0807885933","487.51","","","Approve",""
"0x7b42a6d71557faeca1cb1cf74d97ab252bbff3928fddb999f4824b71e833d0c1","14306714","1642008439","2022-01-12 17:27:19","0xe71639e405ca0cebc775c4b3af371ba902ddfc57","0x290e1ad05b4d906b1e65b41e689fc842c9962825","","0","0","0","0.00022177","0.0807885933","487.51","","","Approve",""
"0x94d8f28c301f41521ce39875a2542ae236f45f6e5bec9eb81a7735e585c34543","14307573","1642011017","2022-01-12 18:10:17","0x7d2ac76238cfe399b6c29fbe83dddac77e96e270","0x290e1ad05b4d906b1e65b41e689fc842c9962825","","0","0","0","0.00022177","0.0807885933","487.51","","","Approve",""
"0xc585dcba242291460718c6a1cfaaad46a7a8765dc8fa17f17ed213bcc614baed","14310804","1642020710","2022-01-12 20:51:50","0xec08eff77496601be56c11028a516366dbf03f13","0x290e1ad05b4d906b1e65b41e689fc842c9962825","","0","0","0","0.000310478","0.11310403062","487.51","","","Approve",""
"0x1a89bbf2e4dd3bfc22bfa97d262eab0149ead9d4a428319312c5a7bc8d6e6891","14310987","1642021259","2022-01-12 21:00:59","0xb2a22ff1de481366776c35b987d7e0861fa3bb31","0x290e1ad05b4d906b1e65b41e689fc842c9962825","","0","0","0","0.00022177","0.0807885933","487.51","","","Approve",""
"0x940b389a9709f2768d639b43c10ab6024d31d367977a2542ba5eb1cac7a97694","14313426","1642028576","2022-01-12 23:02:56","0x5ddf201ce697a004dac27a53ed8464d9531e996f","0x290e1ad05b4d906b1e65b41e689fc842c9962825","","0","0","0","0.00022177","0.0807885933","487.51","","","Approve",""
"0x406bf18c1949266ab2b70838779a2a85570a5f64a22225aef598a08f20bc0fbf","14313754","1642029560","2022-01-12 23:19:20","0x83aecf1dfa32da1c223885e5cd95ec675539a819","0x290e1ad05b4d906b1e65b41e689fc842c9962825","","0","0","0","0.00022177","0.0807885933","487.51","","","Approve",""
"0x0664cb42ea3d435d5800e01ca4e461d155ca843dbab8877c7efda732bbde8421","14314477","1642031732","2022-01-12 23:55:32","0x9618ce1cf75f0d9090325ba4c26a0e782f4ea7ad","0x290e1ad05b4d906b1e65b41e689fc842c9962825","","0","0","0","0.00022177","0.0807885933","487.51","","","Approve",""
"0xa49d55c6cacc69ae078c1c1f2ed1de1494f0fbf821a529fdb59d782d50b3d0a1","14316599","1642038099","2022-01-13 01:41:39","0xc43d08e5c59cd9ce34144e337829bade934fe9da","0x290e1ad05b4d906b1e65b41e689fc842c9962825","","0","0","0","0.00022177","0.0807885933","475.57","","","Approve",""
"0x9cebc6b3962d8aca4e91448fe953e68ce635299381104824b20d8472f08813a7","14329020","1642075363","2022-01-13 12:02:43","0x05fdbb9dddd52f476f79284371bd72d18b93160f","0x290e1ad05b4d906b1e65b41e689fc842c9962825","","0","0","0","0.00022177","0.0807885933","475.57","","","Approve",""
"0x9e7a91fdfefad3cf283f74ed05b18a5f238019a463b428669ae6bc3b0255caff","14335360","1642094438","2022-01-13 17:20:38","0xf692e34d0b5f4dec8a8a3a3b6313dffeedcc425e","0x290e1ad05b4d906b1e65b41e689fc842c9962825","","0","0","0","0.00022177","0.0807885933","475.57","","","Approve",""
"0x3e3529e3457d105b54ede81cd45494649de4816163b42a83e2365dc11c82fc58","14341186","1642111918","2022-01-13 22:11:58","0xd54e9019a16b355d8fcbaa4b11fc8212ebd236c5","0x290e1ad05b4d906b1e65b41e689fc842c9962825","","0","0","0","0.00022177","0.0807885933","475.57","","","Approve",""
"0x33382a7475edc1a3e39a3093873befb45408db84b4d2afba7ead904b786522fc","14341195","1642111945","2022-01-13 22:12:25","0xcfd9cbbab4cad1bcf1e70500a8dad291989228bc","0x290e1ad05b4d906b1e65b41e689fc842c9962825","","0","0","0","0.00022177","0.0807885933","475.57","","","Approve",""
"0x37c504725b2e6846ba3fdbe207f82683d9dc2419d13b5c47a10b1d7a9190d886","14343702","1642119469","2022-01-14 00:17:49","0x29aec2e84d9f5aa21d423ddb80e400cae1a49d48","0x290e1ad05b4d906b1e65b41e689fc842c9962825","","0","0","0","0.00022177","0.0807885933","490.36","","","Approve",""
"0xb8d7db0d65345483f1b988cedb50fbf8f5158b1adff636aceeb7c311a7dd3741","14364663","1642182607","2022-01-14 17:50:07","0xfd2db5f95b15d3dbeab1df18d9ce8dae77b78ab7","0x290e1ad05b4d906b1e65b41e689fc842c9962825","","0","0","0","0.00022177","0.0807885933","490.36","","","Approve",""
"0xae39849ebe947b0e000a03c0913aa7589221b7e09d98fe1562bb6c3b998d50c2","14376079","1642216858","2022-01-15 03:20:58","0x9a0b797e017e849719013e7a5ea3b4fc07171136","0x290e1ad05b4d906b1e65b41e689fc842c9962825","","0","0","0","0.00022177","0.0807885933","494.66","","","Approve",""
"0x9c2ed3680e5f39e3c6e2b54c02ea49706bdb7792d7243a59d0c431915ecf25fc","14380190","1642229207","2022-01-15 06:46:47","0xb5dbde07e3f9ae85bd9bb08d5df000a722aabee1","0x290e1ad05b4d906b1e65b41e689fc842c9962825","","0","0","0","0.00022177","0.0807885933","494.66","","","Approve",""
"0xa9ebc3a7c9beb95399061fe2d045ac11d6b55adcff1b4e034e11cb079ae231fc","14386005","1642246654","2022-01-15 11:37:34","0x325e15693287dcc6218afeac5ef5bf08036810ca","0x290e1ad05b4d906b1e65b41e689fc842c9962825","","0","0","0","0.00022177","0.0807885933","494.66","","","Approve",""
"0x6915bce355702e913f4f91f4000ba253ff3b58d1ddbe495f97b8c9ed61f81b90","14386580","1642248412","2022-01-15 12:06:52","0xb67693f90ff6d63030a36bb5d182edf9df2616fa","0x290e1ad05b4d906b1e65b41e689fc842c9962825","","0","0","0","0.00022177","0.0807885933","494.66","","","Approve",""
"0xfcedd677619e652c2a045c8787f7b7b48098eca4afc0525f5bb4be3bbe16e3ae","14388239","1642253396","2022-01-15 13:29:56","0x273ec095fe4c3c023b6e5d3dcd3642af950ac930","0x290e1ad05b4d906b1e65b41e689fc842c9962825","","0","0","0","0.00022177","0.0807885933","494.66","","","Approve",""
"0x64bc23fa1dd871aed77d293f2d4c13b36553bbf4c62fc73a40b26b0d5bb00e54","14388311","1642253612","2022-01-15 13:33:32","0x9ed1cc134e481bb5156379e42f5ac312065ddd43","0x290e1ad05b4d906b1e65b41e689fc842c9962825","","0","0","0","0.00022177","0.0807885933","494.66","","","Approve",""
"0x921a998f473821df47d48e1a09ab2137ea155916c5e2d13844d5ecc6bf39552c","14390095","1642258986","2022-01-15 15:03:06","0x43e963487cd3599e8f58cfe9e34b2eed59451e97","0x290e1ad05b4d906b1e65b41e689fc842c9962825","","0","0","0","0.00022177","0.0807885933","494.66","","","Approve",""
"0x0bcaec3775b1ed7f556d9136fd0854e9604f14434fa59f1ca93be952588227a2","14394826","1642273267","2022-01-15 19:01:07","0x3ac1921701fd9cf3cb02a89d986c8bebe916dbec","0x290e1ad05b4d906b1e65b41e689fc842c9962825","","0","0","0","0.00022177","0.0807885933","494.66","","","Approve",""
"0x566688593bbd96a9db9c895d9b27037ab705147120fe9e88f333f7382e33f36d","14398957","1642285774","2022-01-15 22:29:34","0x102d32db824f0cb35dbffc0dce63c38b098c9fc1","0x290e1ad05b4d906b1e65b41e689fc842c9962825","","0","0","0","0.00022177","0.0807885933","494.66","","","Approve",""
"0x222fa88dab04179993f00c685f53bbbed9a857bc199584df8cad3f381ccd089f","14420017","1642349151","2022-01-16 16:05:51","0xa8535bc4321b64cc85be61307311a699b383b980","0x290e1ad05b4d906b1e65b41e689fc842c9962825","","0","0","0","0.00022177","0.0807885933","498.67","","","Approve",""
"0xacb81a870ad28c1a15094f998522177c277ffd2faae7cf771d282c00c017d158","14420470","1642350518","2022-01-16 16:28:38","0x8649529178120ec8f1223e1a217b97c28b02776c","0x290e1ad05b4d906b1e65b41e689fc842c9962825","","0","0","0","0.00022177","0.0807885933","498.67","","","Approve",""
"0x1ee48fd6cf9c136a1e6376fe7b76629717267c4bcffcb0ba6a73ae941478b2fa","14421176","1642352662","2022-01-16 17:04:22","0xd1dd6a9fffaa90d78e1d6964aac7d9a53e2f4146","0x290e1ad05b4d906b1e65b41e689fc842c9962825","","0","0","0","0.00022177","0.0807885933","498.67","","","Approve",""
"0x910140ec5e36bced288c9ed2e90e73e242898c12b15c292b675b56ae76c88c6b","14421339","1642353151","2022-01-16 17:12:31","0xf5b37f9760f1532d79da3c1e6fccf01ea0c6bb2e","0x290e1ad05b4d906b1e65b41e689fc842c9962825","","0","0","0","0.00022177","0.0807885933","498.67","","","Approve",""
"0xd8806621d8254762480449506c04d58559bae95dd7d59c718b84a45ca1f06dbe","14426132","1642367566","2022-01-16 21:12:46","0x93f4402dd1b83e8a5abca5e93e6deb1885fee29d","0x290e1ad05b4d906b1e65b41e689fc842c9962825","","0","0","0","0.00022177","0.0807885933","498.67","","","Approve",""
"0x65429a6cb145906f33ac47c93cfbe9549500889de7bc6a2089e6bb11851000de","14442627","1642417362","2022-01-17 11:02:42","0x0bfcaef9d3eec80ead1e7077ba5d3c10bffa8b53","0x290e1ad05b4d906b1e65b41e689fc842c9962825","","0","0","0","0.00022177","0.0807885933","475.45","","","Approve",""
"0x3454a9bfc6733b6311b43b871c05228531265cc2246fe87346564a0e0c785e62","14451740","1642445188","2022-01-17 18:46:28","0xeab812f978a9a81057bb685b922b423064ec05a3","0x290e1ad05b4d906b1e65b41e689fc842c9962825","","0","0","0","0.00022177","0.0807885933","475.45","","","Approve",""
"0x0f557a4a37c4affa012febfa49b5fe08b123a3da37db76c3c0a91daaa80af62c","14455317","1642456002","2022-01-17 21:46:42","0xcb102c659e84fc99624f0f6d3eeae41d35ba9476","0x290e1ad05b4d906b1e65b41e689fc842c9962825","","0","0","0","0.00022177","0.0807885933","475.45","","","Approve",""
"0x6618d591f2c45588990959deeb0f82fca3bc21223980e8c03245cb1378aacd7a","14459230","1642467871","2022-01-18 01:04:31","0x9cb5f41a40a0613c1c1ca84f69279d0d8203f71a","0x290e1ad05b4d906b1e65b41e689fc842c9962825","","0","0","0","0.00022177","0.0807885933","471.43","","","Approve",""
"0x67687efe2d0986ce0d9d0cc52497b5a4b727221723a7cd023e393b64c04875b0","14461057","1642473378","2022-01-18 02:36:18","0x230111f82996adb12e9ab0f78f329f39b26ada5e","0x290e1ad05b4d906b1e65b41e689fc842c9962825","","0","0","0","0.00022177","0.0807885933","471.43","","","Approve",""
"0x171453bc5f57c6512d635acba2ce3db436fa6fdd75e07263d9dd2ac442fcb115","14461545","1642474848","2022-01-18 03:00:48","0xcb89b291200037fa87259568dc9e00ea836c02cf","0x290e1ad05b4d906b1e65b41e689fc842c9962825","","0","0","0","0.00022177","0.0807885933","471.43","","","Approve",""
"0xdcd4a47cae6d2626d61c2939178b5160de408a10e31f93d8faeada62534c59c1","14465024","1642485410","2022-01-18 05:56:50","0x78f91bcf969ce2355ef8c6b386a3ae341e43934d","0x290e1ad05b4d906b1e65b41e689fc842c9962825","","0","0","0","0.00022177","0.0807885933","471.43","","","Approve",""
"0x90cde233584c61337b44e57f7ec5825f85fcf9024b726f18b3bdd9e183ef050c","14471751","1642505753","2022-01-18 11:35:53","0x2a479056fac97b62806cc740b11774e6598b1649","0x290e1ad05b4d906b1e65b41e689fc842c9962825","","0","0","0","0.0001378","0.050199162","471.43","","","Transfer",""
"0xa5a0acce0efe31061fbb59a3be734f4dbf8863d518e5f73839b8704ccb1203a9","14476677","1642521215","2022-01-18 15:53:35","0x230111f82996adb12e9ab0f78f329f39b26ada5e","0x290e1ad05b4d906b1e65b41e689fc842c9962825","","0","0","0","0.0000796675","0.029022073575","471.43","","","Approve",""
"0x14414fe214ec64715725ce4f034f4287b8d6f2c89ed647d146ca1d584f3fbe29","14493833","1642572930","2022-01-19 06:15:30","0x22216a348647a297089970dfad28064babf01495","0x290e1ad05b4d906b1e65b41e689fc842c9962825","","0","0","0","0.00022177","0.0807885933","462.11","","","Approve",""
